/home/ubuntu/observable-garden/learn2/blocks.py:23: RuntimeWarning: Mean of empty slice
  mu = np.nanmean(x, axis=1, keepdims=True)
/home/ubuntu/observable-garden/.venv/lib/python3.14/site-packages/numpy/lib/_nanfunctions_impl.py:1997: RuntimeWarning: Degrees of freedom <= 0 for slice.
  var = nanvar(a, axis=axis, dtype=dtype, out=out, ddof=ddof,
/home/ubuntu/observable-garden/learn2/blocks.py:23: RuntimeWarning: Mean of empty slice
  mu = np.nanmean(x, axis=1, keepdims=True)
/home/ubuntu/observable-garden/.venv/lib/python3.14/site-packages/numpy/lib/_nanfunctions_impl.py:1997: RuntimeWarning: Degrees of freedom <= 0 for slice.
  var = nanvar(a, axis=axis, dtype=dtype, out=out, ddof=ddof,
/home/ubuntu/observable-garden/learn2/blocks.py:23: RuntimeWarning: Mean of empty slice
  mu = np.nanmean(x, axis=1, keepdims=True)
/home/ubuntu/observable-garden/.venv/lib/python3.14/site-packages/numpy/lib/_nanfunctions_impl.py:1997: RuntimeWarning: Degrees of freedom <= 0 for slice.
  var = nanvar(a, axis=axis, dtype=dtype, out=out, ddof=ddof,
/home/ubuntu/observable-garden/learn2/blocks.py:23: RuntimeWarning: Mean of empty slice
  mu = np.nanmean(x, axis=1, keepdims=True)
/home/ubuntu/observable-garden/.venv/lib/python3.14/site-packages/numpy/lib/_nanfunctions_impl.py:1997: RuntimeWarning: Degrees of freedom <= 0 for slice.
  var = nanvar(a, axis=axis, dtype=dtype, out=out, ddof=ddof,
/home/ubuntu/observable-garden/learn2/blocks.py:23: RuntimeWarning: Mean of empty slice
  mu = np.nanmean(x, axis=1, keepdims=True)
/home/ubuntu/observable-garden/.venv/lib/python3.14/site-packages/numpy/lib/_nanfunctions_impl.py:1997: RuntimeWarning: Degrees of freedom <= 0 for slice.
  var = nanvar(a, axis=axis, dtype=dtype, out=out, ddof=ddof,
/home/ubuntu/observable-garden/learn2/blocks.py:23: RuntimeWarning: Mean of empty slice
  mu = np.nanmean(x, axis=1, keepdims=True)
/home/ubuntu/observable-garden/.venv/lib/python3.14/site-packages/numpy/lib/_nanfunctions_impl.py:1997: RuntimeWarning: Degrees of freedom <= 0 for slice.
  var = nanvar(a, axis=axis, dtype=dtype, out=out, ddof=ddof,
/home/ubuntu/observable-garden/learn2/blocks.py:23: RuntimeWarning: Mean of empty slice
  mu = np.nanmean(x, axis=1, keepdims=True)
/home/ubuntu/observable-garden/.venv/lib/python3.14/site-packages/numpy/lib/_nanfunctions_impl.py:1997: RuntimeWarning: Degrees of freedom <= 0 for slice.
  var = nanvar(a, axis=axis, dtype=dtype, out=out, ddof=ddof,
/home/ubuntu/observable-garden/learn2/blocks.py:23: RuntimeWarning: Mean of empty slice
  mu = np.nanmean(x, axis=1, keepdims=True)
/home/ubuntu/observable-garden/.venv/lib/python3.14/site-packages/numpy/lib/_nanfunctions_impl.py:1997: RuntimeWarning: Degrees of freedom <= 0 for slice.
  var = nanvar(a, axis=axis, dtype=dtype, out=out, ddof=ddof,
/home/ubuntu/observable-garden/learn2/blocks.py:23: RuntimeWarning: Mean of empty slice
  mu = np.nanmean(x, axis=1, keepdims=True)
/home/ubuntu/observable-garden/.venv/lib/python3.14/site-packages/numpy/lib/_nanfunctions_impl.py:1997: RuntimeWarning: Degrees of freedom <= 0 for slice.
  var = nanvar(a, axis=axis, dtype=dtype, out=out, ddof=ddof,
/home/ubuntu/observable-garden/learn2/blocks.py:23: RuntimeWarning: Mean of empty slice
  mu = np.nanmean(x, axis=1, keepdims=True)
/home/ubuntu/observable-garden/.venv/lib/python3.14/site-packages/numpy/lib/_nanfunctions_impl.py:1997: RuntimeWarning: Degrees of freedom <= 0 for slice.
  var = nanvar(a, axis=axis, dtype=dtype, out=out, ddof=ddof,
/home/ubuntu/observable-garden/learn2/blocks.py:23: RuntimeWarning: Mean of empty slice
  mu = np.nanmean(x, axis=1, keepdims=True)
/home/ubuntu/observable-garden/.venv/lib/python3.14/site-packages/numpy/lib/_nanfunctions_impl.py:1997: RuntimeWarning: Degrees of freedom <= 0 for slice.
  var = nanvar(a, axis=axis, dtype=dtype, out=out, ddof=ddof,
/home/ubuntu/observable-garden/learn2/blocks.py:23: RuntimeWarning: Mean of empty slice
  mu = np.nanmean(x, axis=1, keepdims=True)
/home/ubuntu/observable-garden/.venv/lib/python3.14/site-packages/numpy/lib/_nanfunctions_impl.py:1997: RuntimeWarning: Degrees of freedom <= 0 for slice.
  var = nanvar(a, axis=axis, dtype=dtype, out=out, ddof=ddof,
/home/ubuntu/observable-garden/learn2/blocks.py:23: RuntimeWarning: Mean of empty slice
  mu = np.nanmean(x, axis=1, keepdims=True)
/home/ubuntu/observable-garden/.venv/lib/python3.14/site-packages/numpy/lib/_nanfunctions_impl.py:1997: RuntimeWarning: Degrees of freedom <= 0 for slice.
  var = nanvar(a, axis=axis, dtype=dtype, out=out, ddof=ddof,
/home/ubuntu/observable-garden/learn2/blocks.py:23: RuntimeWarning: Mean of empty slice
  mu = np.nanmean(x, axis=1, keepdims=True)
/home/ubuntu/observable-garden/.venv/lib/python3.14/site-packages/numpy/lib/_nanfunctions_impl.py:1997: RuntimeWarning: Degrees of freedom <= 0 for slice.
  var = nanvar(a, axis=axis, dtype=dtype, out=out, ddof=ddof,
/home/ubuntu/observable-garden/learn2/blocks.py:23: RuntimeWarning: Mean of empty slice
  mu = np.nanmean(x, axis=1, keepdims=True)
/home/ubuntu/observable-garden/.venv/lib/python3.14/site-packages/numpy/lib/_nanfunctions_impl.py:1997: RuntimeWarning: Degrees of freedom <= 0 for slice.
  var = nanvar(a, axis=axis, dtype=dtype, out=out, ddof=ddof,
/home/ubuntu/observable-garden/learn2/blocks.py:23: RuntimeWarning: Mean of empty slice
  mu = np.nanmean(x, axis=1, keepdims=True)
/home/ubuntu/observable-garden/.venv/lib/python3.14/site-packages/numpy/lib/_nanfunctions_impl.py:1997: RuntimeWarning: Degrees of freedom <= 0 for slice.
  var = nanvar(a, axis=axis, dtype=dtype, out=out, ddof=ddof,
/home/ubuntu/observable-garden/learn2/blocks.py:23: RuntimeWarning: Mean of empty slice
  mu = np.nanmean(x, axis=1, keepdims=True)
/home/ubuntu/observable-garden/.venv/lib/python3.14/site-packages/numpy/lib/_nanfunctions_impl.py:1997: RuntimeWarning: Degrees of freedom <= 0 for slice.
  var = nanvar(a, axis=axis, dtype=dtype, out=out, ddof=ddof,
/home/ubuntu/observable-garden/learn2/blocks.py:23: RuntimeWarning: Mean of empty slice
  mu = np.nanmean(x, axis=1, keepdims=True)
/home/ubuntu/observable-garden/.venv/lib/python3.14/site-packages/numpy/lib/_nanfunctions_impl.py:1997: RuntimeWarning: Degrees of freedom <= 0 for slice.
  var = nanvar(a, axis=axis, dtype=dtype, out=out, ddof=ddof,
/home/ubuntu/observable-garden/learn2/blocks.py:23: RuntimeWarning: Mean of empty slice
  mu = np.nanmean(x, axis=1, keepdims=True)
/home/ubuntu/observable-garden/.venv/lib/python3.14/site-packages/numpy/lib/_nanfunctions_impl.py:1997: RuntimeWarning: Degrees of freedom <= 0 for slice.
  var = nanvar(a, axis=axis, dtype=dtype, out=out, ddof=ddof,
/home/ubuntu/observable-garden/learn2/blocks.py:23: RuntimeWarning: Mean of empty slice
  mu = np.nanmean(x, axis=1, keepdims=True)
/home/ubuntu/observable-garden/.venv/lib/python3.14/site-packages/numpy/lib/_nanfunctions_impl.py:1997: RuntimeWarning: Degrees of freedom <= 0 for slice.
  var = nanvar(a, axis=axis, dtype=dtype, out=out, ddof=ddof,
/home/ubuntu/observable-garden/learn2/blocks.py:23: RuntimeWarning: Mean of empty slice
  mu = np.nanmean(x, axis=1, keepdims=True)
/home/ubuntu/observable-garden/.venv/lib/python3.14/site-packages/numpy/lib/_nanfunctions_impl.py:1997: RuntimeWarning: Degrees of freedom <= 0 for slice.
  var = nanvar(a, axis=axis, dtype=dtype, out=out, ddof=ddof,
/home/ubuntu/observable-garden/learn2/blocks.py:23: RuntimeWarning: Mean of empty slice
  mu = np.nanmean(x, axis=1, keepdims=True)
/home/ubuntu/observable-garden/.venv/lib/python3.14/site-packages/numpy/lib/_nanfunctions_impl.py:1997: RuntimeWarning: Degrees of freedom <= 0 for slice.
  var = nanvar(a, axis=axis, dtype=dtype, out=out, ddof=ddof,
/home/ubuntu/observable-garden/learn2/blocks.py:23: RuntimeWarning: Mean of empty slice
  mu = np.nanmean(x, axis=1, keepdims=True)
/home/ubuntu/observable-garden/.venv/lib/python3.14/site-packages/numpy/lib/_nanfunctions_impl.py:1997: RuntimeWarning: Degrees of freedom <= 0 for slice.
  var = nanvar(a, axis=axis, dtype=dtype, out=out, ddof=ddof,
/home/ubuntu/observable-garden/learn2/blocks.py:23: RuntimeWarning: Mean of empty slice
  mu = np.nanmean(x, axis=1, keepdims=True)
/home/ubuntu/observable-garden/.venv/lib/python3.14/site-packages/numpy/lib/_nanfunctions_impl.py:1997: RuntimeWarning: Degrees of freedom <= 0 for slice.
  var = nanvar(a, axis=axis, dtype=dtype, out=out, ddof=ddof,
/home/ubuntu/observable-garden/learn2/blocks.py:23: RuntimeWarning: Mean of empty slice
  mu = np.nanmean(x, axis=1, keepdims=True)
/home/ubuntu/observable-garden/.venv/lib/python3.14/site-packages/numpy/lib/_nanfunctions_impl.py:1997: RuntimeWarning: Degrees of freedom <= 0 for slice.
  var = nanvar(a, axis=axis, dtype=dtype, out=out, ddof=ddof,
/home/ubuntu/observable-garden/learn2/blocks.py:23: RuntimeWarning: Mean of empty slice
  mu = np.nanmean(x, axis=1, keepdims=True)
/home/ubuntu/observable-garden/.venv/lib/python3.14/site-packages/numpy/lib/_nanfunctions_impl.py:1997: RuntimeWarning: Degrees of freedom <= 0 for slice.
  var = nanvar(a, axis=axis, dtype=dtype, out=out, ddof=ddof,
/home/ubuntu/observable-garden/learn2/blocks.py:23: RuntimeWarning: Mean of empty slice
  mu = np.nanmean(x, axis=1, keepdims=True)
/home/ubuntu/observable-garden/.venv/lib/python3.14/site-packages/numpy/lib/_nanfunctions_impl.py:1997: RuntimeWarning: Degrees of freedom <= 0 for slice.
  var = nanvar(a, axis=axis, dtype=dtype, out=out, ddof=ddof,
/home/ubuntu/observable-garden/learn2/blocks.py:23: RuntimeWarning: Mean of empty slice
  mu = np.nanmean(x, axis=1, keepdims=True)
/home/ubuntu/observable-garden/.venv/lib/python3.14/site-packages/numpy/lib/_nanfunctions_impl.py:1997: RuntimeWarning: Degrees of freedom <= 0 for slice.
  var = nanvar(a, axis=axis, dtype=dtype, out=out, ddof=ddof,
/home/ubuntu/observable-garden/learn2/blocks.py:23: RuntimeWarning: Mean of empty slice
  mu = np.nanmean(x, axis=1, keepdims=True)
/home/ubuntu/observable-garden/.venv/lib/python3.14/site-packages/numpy/lib/_nanfunctions_impl.py:1997: RuntimeWarning: Degrees of freedom <= 0 for slice.
  var = nanvar(a, axis=axis, dtype=dtype, out=out, ddof=ddof,
/home/ubuntu/observable-garden/learn2/blocks.py:23: RuntimeWarning: Mean of empty slice
  mu = np.nanmean(x, axis=1, keepdims=True)
/home/ubuntu/observable-garden/.venv/lib/python3.14/site-packages/numpy/lib/_nanfunctions_impl.py:1997: RuntimeWarning: Degrees of freedom <= 0 for slice.
  var = nanvar(a, axis=axis, dtype=dtype, out=out, ddof=ddof,
/home/ubuntu/observable-garden/learn2/blocks.py:23: RuntimeWarning: Mean of empty slice
  mu = np.nanmean(x, axis=1, keepdims=True)
/home/ubuntu/observable-garden/.venv/lib/python3.14/site-packages/numpy/lib/_nanfunctions_impl.py:1997: RuntimeWarning: Degrees of freedom <= 0 for slice.
  var = nanvar(a, axis=axis, dtype=dtype, out=out, ddof=ddof,
/home/ubuntu/observable-garden/learn2/blocks.py:23: RuntimeWarning: Mean of empty slice
  mu = np.nanmean(x, axis=1, keepdims=True)
/home/ubuntu/observable-garden/.venv/lib/python3.14/site-packages/numpy/lib/_nanfunctions_impl.py:1997: RuntimeWarning: Degrees of freedom <= 0 for slice.
  var = nanvar(a, axis=axis, dtype=dtype, out=out, ddof=ddof,
/home/ubuntu/observable-garden/learn2/blocks.py:23: RuntimeWarning: Mean of empty slice
  mu = np.nanmean(x, axis=1, keepdims=True)
/home/ubuntu/observable-garden/.venv/lib/python3.14/site-packages/numpy/lib/_nanfunctions_impl.py:1997: RuntimeWarning: Degrees of freedom <= 0 for slice.
  var = nanvar(a, axis=axis, dtype=dtype, out=out, ddof=ddof,
/home/ubuntu/observable-garden/learn2/blocks.py:23: RuntimeWarning: Mean of empty slice
  mu = np.nanmean(x, axis=1, keepdims=True)
/home/ubuntu/observable-garden/.venv/lib/python3.14/site-packages/numpy/lib/_nanfunctions_impl.py:1997: RuntimeWarning: Degrees of freedom <= 0 for slice.
  var = nanvar(a, axis=axis, dtype=dtype, out=out, ddof=ddof,
/home/ubuntu/observable-garden/learn2/blocks.py:23: RuntimeWarning: Mean of empty slice
  mu = np.nanmean(x, axis=1, keepdims=True)
/home/ubuntu/observable-garden/.venv/lib/python3.14/site-packages/numpy/lib/_nanfunctions_impl.py:1997: RuntimeWarning: Degrees of freedom <= 0 for slice.
  var = nanvar(a, axis=axis, dtype=dtype, out=out, ddof=ddof,
/home/ubuntu/observable-garden/learn2/blocks.py:23: RuntimeWarning: Mean of empty slice
  mu = np.nanmean(x, axis=1, keepdims=True)
/home/ubuntu/observable-garden/.venv/lib/python3.14/site-packages/numpy/lib/_nanfunctions_impl.py:1997: RuntimeWarning: Degrees of freedom <= 0 for slice.
  var = nanvar(a, axis=axis, dtype=dtype, out=out, ddof=ddof,
/home/ubuntu/observable-garden/learn2/blocks.py:23: RuntimeWarning: Mean of empty slice
  mu = np.nanmean(x, axis=1, keepdims=True)
/home/ubuntu/observable-garden/learn2/blocks.py:23: RuntimeWarning: Mean of empty slice
  mu = np.nanmean(x, axis=1, keepdims=True)
/home/ubuntu/observable-garden/.venv/lib/python3.14/site-packages/numpy/lib/_nanfunctions_impl.py:1997: RuntimeWarning: Degrees of freedom <= 0 for slice.
  var = nanvar(a, axis=axis, dtype=dtype, out=out, ddof=ddof,
/home/ubuntu/observable-garden/.venv/lib/python3.14/site-packages/numpy/lib/_nanfunctions_impl.py:1997: RuntimeWarning: Degrees of freedom <= 0 for slice.
  var = nanvar(a, axis=axis, dtype=dtype, out=out, ddof=ddof,
/home/ubuntu/observable-garden/learn2/blocks.py:23: RuntimeWarning: Mean of empty slice
  mu = np.nanmean(x, axis=1, keepdims=True)
/home/ubuntu/observable-garden/.venv/lib/python3.14/site-packages/numpy/lib/_nanfunctions_impl.py:1997: RuntimeWarning: Degrees of freedom <= 0 for slice.
  var = nanvar(a, axis=axis, dtype=dtype, out=out, ddof=ddof,
/home/ubuntu/observable-garden/learn2/blocks.py:23: RuntimeWarning: Mean of empty slice
  mu = np.nanmean(x, axis=1, keepdims=True)
/home/ubuntu/observable-garden/.venv/lib/python3.14/site-packages/numpy/lib/_nanfunctions_impl.py:1997: RuntimeWarning: Degrees of freedom <= 0 for slice.
  var = nanvar(a, axis=axis, dtype=dtype, out=out, ddof=ddof,
/home/ubuntu/observable-garden/learn2/blocks.py:23: RuntimeWarning: Mean of empty slice
  mu = np.nanmean(x, axis=1, keepdims=True)
/home/ubuntu/observable-garden/.venv/lib/python3.14/site-packages/numpy/lib/_nanfunctions_impl.py:1997: RuntimeWarning: Degrees of freedom <= 0 for slice.
  var = nanvar(a, axis=axis, dtype=dtype, out=out, ddof=ddof,
/home/ubuntu/observable-garden/learn2/blocks.py:23: RuntimeWarning: Mean of empty slice
  mu = np.nanmean(x, axis=1, keepdims=True)
/home/ubuntu/observable-garden/.venv/lib/python3.14/site-packages/numpy/lib/_nanfunctions_impl.py:1997: RuntimeWarning: Degrees of freedom <= 0 for slice.
  var = nanvar(a, axis=axis, dtype=dtype, out=out, ddof=ddof,
/home/ubuntu/observable-garden/learn2/blocks.py:23: RuntimeWarning: Mean of empty slice
  mu = np.nanmean(x, axis=1, keepdims=True)
/home/ubuntu/observable-garden/.venv/lib/python3.14/site-packages/numpy/lib/_nanfunctions_impl.py:1997: RuntimeWarning: Degrees of freedom <= 0 for slice.
  var = nanvar(a, axis=axis, dtype=dtype, out=out, ddof=ddof,
/home/ubuntu/observable-garden/learn2/blocks.py:23: RuntimeWarning: Mean of empty slice
  mu = np.nanmean(x, axis=1, keepdims=True)
/home/ubuntu/observable-garden/.venv/lib/python3.14/site-packages/numpy/lib/_nanfunctions_impl.py:1997: RuntimeWarning: Degrees of freedom <= 0 for slice.
  var = nanvar(a, axis=axis, dtype=dtype, out=out, ddof=ddof,
/home/ubuntu/observable-garden/learn2/blocks.py:23: RuntimeWarning: Mean of empty slice
  mu = np.nanmean(x, axis=1, keepdims=True)
/home/ubuntu/observable-garden/.venv/lib/python3.14/site-packages/numpy/lib/_nanfunctions_impl.py:1997: RuntimeWarning: Degrees of freedom <= 0 for slice.
  var = nanvar(a, axis=axis, dtype=dtype, out=out, ddof=ddof,
/home/ubuntu/observable-garden/learn2/blocks.py:23: RuntimeWarning: Mean of empty slice
  mu = np.nanmean(x, axis=1, keepdims=True)
/home/ubuntu/observable-garden/.venv/lib/python3.14/site-packages/numpy/lib/_nanfunctions_impl.py:1997: RuntimeWarning: Degrees of freedom <= 0 for slice.
  var = nanvar(a, axis=axis, dtype=dtype, out=out, ddof=ddof,
/home/ubuntu/observable-garden/learn2/blocks.py:23: RuntimeWarning: Mean of empty slice
  mu = np.nanmean(x, axis=1, keepdims=True)
/home/ubuntu/observable-garden/.venv/lib/python3.14/site-packages/numpy/lib/_nanfunctions_impl.py:1997: RuntimeWarning: Degrees of freedom <= 0 for slice.
  var = nanvar(a, axis=axis, dtype=dtype, out=out, ddof=ddof,
/home/ubuntu/observable-garden/learn2/blocks.py:23: RuntimeWarning: Mean of empty slice
  mu = np.nanmean(x, axis=1, keepdims=True)
/home/ubuntu/observable-garden/.venv/lib/python3.14/site-packages/numpy/lib/_nanfunctions_impl.py:1997: RuntimeWarning: Degrees of freedom <= 0 for slice.
  var = nanvar(a, axis=axis, dtype=dtype, out=out, ddof=ddof,
/home/ubuntu/observable-garden/learn2/blocks.py:23: RuntimeWarning: Mean of empty slice
  mu = np.nanmean(x, axis=1, keepdims=True)
/home/ubuntu/observable-garden/.venv/lib/python3.14/site-packages/numpy/lib/_nanfunctions_impl.py:1997: RuntimeWarning: Degrees of freedom <= 0 for slice.
  var = nanvar(a, axis=axis, dtype=dtype, out=out, ddof=ddof,
/home/ubuntu/observable-garden/learn2/blocks.py:23: RuntimeWarning: Mean of empty slice
  mu = np.nanmean(x, axis=1, keepdims=True)
/home/ubuntu/observable-garden/.venv/lib/python3.14/site-packages/numpy/lib/_nanfunctions_impl.py:1997: RuntimeWarning: Degrees of freedom <= 0 for slice.
  var = nanvar(a, axis=axis, dtype=dtype, out=out, ddof=ddof,
/home/ubuntu/observable-garden/learn2/blocks.py:23: RuntimeWarning: Mean of empty slice
  mu = np.nanmean(x, axis=1, keepdims=True)
/home/ubuntu/observable-garden/.venv/lib/python3.14/site-packages/numpy/lib/_nanfunctions_impl.py:1997: RuntimeWarning: Degrees of freedom <= 0 for slice.
  var = nanvar(a, axis=axis, dtype=dtype, out=out, ddof=ddof,
/home/ubuntu/observable-garden/learn2/blocks.py:23: RuntimeWarning: Mean of empty slice
  mu = np.nanmean(x, axis=1, keepdims=True)
/home/ubuntu/observable-garden/.venv/lib/python3.14/site-packages/numpy/lib/_nanfunctions_impl.py:1997: RuntimeWarning: Degrees of freedom <= 0 for slice.
  var = nanvar(a, axis=axis, dtype=dtype, out=out, ddof=ddof,
/home/ubuntu/observable-garden/learn2/blocks.py:23: RuntimeWarning: Mean of empty slice
  mu = np.nanmean(x, axis=1, keepdims=True)
/home/ubuntu/observable-garden/.venv/lib/python3.14/site-packages/numpy/lib/_nanfunctions_impl.py:1997: RuntimeWarning: Degrees of freedom <= 0 for slice.
  var = nanvar(a, axis=axis, dtype=dtype, out=out, ddof=ddof,
/home/ubuntu/observable-garden/learn2/blocks.py:23: RuntimeWarning: Mean of empty slice
  mu = np.nanmean(x, axis=1, keepdims=True)
/home/ubuntu/observable-garden/.venv/lib/python3.14/site-packages/numpy/lib/_nanfunctions_impl.py:1997: RuntimeWarning: Degrees of freedom <= 0 for slice.
  var = nanvar(a, axis=axis, dtype=dtype, out=out, ddof=ddof,
/home/ubuntu/observable-garden/learn2/blocks.py:23: RuntimeWarning: Mean of empty slice
  mu = np.nanmean(x, axis=1, keepdims=True)
/home/ubuntu/observable-garden/.venv/lib/python3.14/site-packages/numpy/lib/_nanfunctions_impl.py:1997: RuntimeWarning: Degrees of freedom <= 0 for slice.
  var = nanvar(a, axis=axis, dtype=dtype, out=out, ddof=ddof,
/home/ubuntu/observable-garden/learn2/blocks.py:23: RuntimeWarning: Mean of empty slice
  mu = np.nanmean(x, axis=1, keepdims=True)
/home/ubuntu/observable-garden/.venv/lib/python3.14/site-packages/numpy/lib/_nanfunctions_impl.py:1997: RuntimeWarning: Degrees of freedom <= 0 for slice.
  var = nanvar(a, axis=axis, dtype=dtype, out=out, ddof=ddof,
/home/ubuntu/observable-garden/learn2/blocks.py:23: RuntimeWarning: Mean of empty slice
  mu = np.nanmean(x, axis=1, keepdims=True)
/home/ubuntu/observable-garden/.venv/lib/python3.14/site-packages/numpy/lib/_nanfunctions_impl.py:1997: RuntimeWarning: Degrees of freedom <= 0 for slice.
  var = nanvar(a, axis=axis, dtype=dtype, out=out, ddof=ddof,
/home/ubuntu/observable-garden/learn2/blocks.py:23: RuntimeWarning: Mean of empty slice
  mu = np.nanmean(x, axis=1, keepdims=True)
/home/ubuntu/observable-garden/.venv/lib/python3.14/site-packages/numpy/lib/_nanfunctions_impl.py:1997: RuntimeWarning: Degrees of freedom <= 0 for slice.
  var = nanvar(a, axis=axis, dtype=dtype, out=out, ddof=ddof,
/home/ubuntu/observable-garden/learn2/blocks.py:23: RuntimeWarning: Mean of empty slice
  mu = np.nanmean(x, axis=1, keepdims=True)
/home/ubuntu/observable-garden/.venv/lib/python3.14/site-packages/numpy/lib/_nanfunctions_impl.py:1997: RuntimeWarning: Degrees of freedom <= 0 for slice.
  var = nanvar(a, axis=axis, dtype=dtype, out=out, ddof=ddof,
/home/ubuntu/observable-garden/learn2/blocks.py:23: RuntimeWarning: Mean of empty slice
  mu = np.nanmean(x, axis=1, keepdims=True)
/home/ubuntu/observable-garden/.venv/lib/python3.14/site-packages/numpy/lib/_nanfunctions_impl.py:1997: RuntimeWarning: Degrees of freedom <= 0 for slice.
  var = nanvar(a, axis=axis, dtype=dtype, out=out, ddof=ddof,
/home/ubuntu/observable-garden/learn2/blocks.py:23: RuntimeWarning: Mean of empty slice
  mu = np.nanmean(x, axis=1, keepdims=True)
/home/ubuntu/observable-garden/.venv/lib/python3.14/site-packages/numpy/lib/_nanfunctions_impl.py:1997: RuntimeWarning: Degrees of freedom <= 0 for slice.
  var = nanvar(a, axis=axis, dtype=dtype, out=out, ddof=ddof,
/home/ubuntu/observable-garden/learn2/blocks.py:23: RuntimeWarning: Mean of empty slice
  mu = np.nanmean(x, axis=1, keepdims=True)
/home/ubuntu/observable-garden/.venv/lib/python3.14/site-packages/numpy/lib/_nanfunctions_impl.py:1997: RuntimeWarning: Degrees of freedom <= 0 for slice.
  var = nanvar(a, axis=axis, dtype=dtype, out=out, ddof=ddof,
/home/ubuntu/observable-garden/learn2/blocks.py:23: RuntimeWarning: Mean of empty slice
  mu = np.nanmean(x, axis=1, keepdims=True)
/home/ubuntu/observable-garden/.venv/lib/python3.14/site-packages/numpy/lib/_nanfunctions_impl.py:1997: RuntimeWarning: Degrees of freedom <= 0 for slice.
  var = nanvar(a, axis=axis, dtype=dtype, out=out, ddof=ddof,
/home/ubuntu/observable-garden/learn2/blocks.py:23: RuntimeWarning: Mean of empty slice
  mu = np.nanmean(x, axis=1, keepdims=True)
/home/ubuntu/observable-garden/.venv/lib/python3.14/site-packages/numpy/lib/_nanfunctions_impl.py:1997: RuntimeWarning: Degrees of freedom <= 0 for slice.
  var = nanvar(a, axis=axis, dtype=dtype, out=out, ddof=ddof,
/home/ubuntu/observable-garden/learn2/blocks.py:23: RuntimeWarning: Mean of empty slice
  mu = np.nanmean(x, axis=1, keepdims=True)
/home/ubuntu/observable-garden/.venv/lib/python3.14/site-packages/numpy/lib/_nanfunctions_impl.py:1997: RuntimeWarning: Degrees of freedom <= 0 for slice.
  var = nanvar(a, axis=axis, dtype=dtype, out=out, ddof=ddof,
/home/ubuntu/observable-garden/learn2/blocks.py:23: RuntimeWarning: Mean of empty slice
  mu = np.nanmean(x, axis=1, keepdims=True)
/home/ubuntu/observable-garden/.venv/lib/python3.14/site-packages/numpy/lib/_nanfunctions_impl.py:1997: RuntimeWarning: Degrees of freedom <= 0 for slice.
  var = nanvar(a, axis=axis, dtype=dtype, out=out, ddof=ddof,
/home/ubuntu/observable-garden/learn2/blocks.py:23: RuntimeWarning: Mean of empty slice
  mu = np.nanmean(x, axis=1, keepdims=True)
/home/ubuntu/observable-garden/.venv/lib/python3.14/site-packages/numpy/lib/_nanfunctions_impl.py:1997: RuntimeWarning: Degrees of freedom <= 0 for slice.
  var = nanvar(a, axis=axis, dtype=dtype, out=out, ddof=ddof,
/home/ubuntu/observable-garden/learn2/blocks.py:23: RuntimeWarning: Mean of empty slice
  mu = np.nanmean(x, axis=1, keepdims=True)
/home/ubuntu/observable-garden/.venv/lib/python3.14/site-packages/numpy/lib/_nanfunctions_impl.py:1997: RuntimeWarning: Degrees of freedom <= 0 for slice.
  var = nanvar(a, axis=axis, dtype=dtype, out=out, ddof=ddof,
/home/ubuntu/observable-garden/learn2/blocks.py:23: RuntimeWarning: Mean of empty slice
  mu = np.nanmean(x, axis=1, keepdims=True)
/home/ubuntu/observable-garden/.venv/lib/python3.14/site-packages/numpy/lib/_nanfunctions_impl.py:1997: RuntimeWarning: Degrees of freedom <= 0 for slice.
  var = nanvar(a, axis=axis, dtype=dtype, out=out, ddof=ddof,
/home/ubuntu/observable-garden/learn2/blocks.py:23: RuntimeWarning: Mean of empty slice
  mu = np.nanmean(x, axis=1, keepdims=True)
/home/ubuntu/observable-garden/.venv/lib/python3.14/site-packages/numpy/lib/_nanfunctions_impl.py:1997: RuntimeWarning: Degrees of freedom <= 0 for slice.
  var = nanvar(a, axis=axis, dtype=dtype, out=out, ddof=ddof,
/home/ubuntu/observable-garden/learn2/blocks.py:23: RuntimeWarning: Mean of empty slice
  mu = np.nanmean(x, axis=1, keepdims=True)
/home/ubuntu/observable-garden/.venv/lib/python3.14/site-packages/numpy/lib/_nanfunctions_impl.py:1997: RuntimeWarning: Degrees of freedom <= 0 for slice.
  var = nanvar(a, axis=axis, dtype=dtype, out=out, ddof=ddof,
/home/ubuntu/observable-garden/learn2/blocks.py:23: RuntimeWarning: Mean of empty slice
  mu = np.nanmean(x, axis=1, keepdims=True)
/home/ubuntu/observable-garden/.venv/lib/python3.14/site-packages/numpy/lib/_nanfunctions_impl.py:1997: RuntimeWarning: Degrees of freedom <= 0 for slice.
  var = nanvar(a, axis=axis, dtype=dtype, out=out, ddof=ddof,
/home/ubuntu/observable-garden/learn2/blocks.py:23: RuntimeWarning: Mean of empty slice
  mu = np.nanmean(x, axis=1, keepdims=True)
/home/ubuntu/observable-garden/.venv/lib/python3.14/site-packages/numpy/lib/_nanfunctions_impl.py:1997: RuntimeWarning: Degrees of freedom <= 0 for slice.
  var = nanvar(a, axis=axis, dtype=dtype, out=out, ddof=ddof,
/home/ubuntu/observable-garden/learn2/blocks.py:23: RuntimeWarning: Mean of empty slice
  mu = np.nanmean(x, axis=1, keepdims=True)
/home/ubuntu/observable-garden/.venv/lib/python3.14/site-packages/numpy/lib/_nanfunctions_impl.py:1997: RuntimeWarning: Degrees of freedom <= 0 for slice.
  var = nanvar(a, axis=axis, dtype=dtype, out=out, ddof=ddof,
/home/ubuntu/observable-garden/learn2/blocks.py:23: RuntimeWarning: Mean of empty slice
  mu = np.nanmean(x, axis=1, keepdims=True)
/home/ubuntu/observable-garden/.venv/lib/python3.14/site-packages/numpy/lib/_nanfunctions_impl.py:1997: RuntimeWarning: Degrees of freedom <= 0 for slice.
  var = nanvar(a, axis=axis, dtype=dtype, out=out, ddof=ddof,
/home/ubuntu/observable-garden/learn2/blocks.py:23: RuntimeWarning: Mean of empty slice
  mu = np.nanmean(x, axis=1, keepdims=True)
/home/ubuntu/observable-garden/.venv/lib/python3.14/site-packages/numpy/lib/_nanfunctions_impl.py:1997: RuntimeWarning: Degrees of freedom <= 0 for slice.
  var = nanvar(a, axis=axis, dtype=dtype, out=out, ddof=ddof,
/home/ubuntu/observable-garden/learn2/blocks.py:23: RuntimeWarning: Mean of empty slice
  mu = np.nanmean(x, axis=1, keepdims=True)
/home/ubuntu/observable-garden/.venv/lib/python3.14/site-packages/numpy/lib/_nanfunctions_impl.py:1997: RuntimeWarning: Degrees of freedom <= 0 for slice.
  var = nanvar(a, axis=axis, dtype=dtype, out=out, ddof=ddof,
/home/ubuntu/observable-garden/learn2/blocks.py:23: RuntimeWarning: Mean of empty slice
  mu = np.nanmean(x, axis=1, keepdims=True)
/home/ubuntu/observable-garden/.venv/lib/python3.14/site-packages/numpy/lib/_nanfunctions_impl.py:1997: RuntimeWarning: Degrees of freedom <= 0 for slice.
  var = nanvar(a, axis=axis, dtype=dtype, out=out, ddof=ddof,
/home/ubuntu/observable-garden/learn2/blocks.py:23: RuntimeWarning: Mean of empty slice
  mu = np.nanmean(x, axis=1, keepdims=True)
/home/ubuntu/observable-garden/.venv/lib/python3.14/site-packages/numpy/lib/_nanfunctions_impl.py:1997: RuntimeWarning: Degrees of freedom <= 0 for slice.
  var = nanvar(a, axis=axis, dtype=dtype, out=out, ddof=ddof,
/home/ubuntu/observable-garden/learn2/blocks.py:23: RuntimeWarning: Mean of empty slice
  mu = np.nanmean(x, axis=1, keepdims=True)
/home/ubuntu/observable-garden/.venv/lib/python3.14/site-packages/numpy/lib/_nanfunctions_impl.py:1997: RuntimeWarning: Degrees of freedom <= 0 for slice.
  var = nanvar(a, axis=axis, dtype=dtype, out=out, ddof=ddof,
/home/ubuntu/observable-garden/learn2/blocks.py:23: RuntimeWarning: Mean of empty slice
  mu = np.nanmean(x, axis=1, keepdims=True)
/home/ubuntu/observable-garden/.venv/lib/python3.14/site-packages/numpy/lib/_nanfunctions_impl.py:1997: RuntimeWarning: Degrees of freedom <= 0 for slice.
  var = nanvar(a, axis=axis, dtype=dtype, out=out, ddof=ddof,
/home/ubuntu/observable-garden/learn2/blocks.py:23: RuntimeWarning: Mean of empty slice
  mu = np.nanmean(x, axis=1, keepdims=True)
/home/ubuntu/observable-garden/.venv/lib/python3.14/site-packages/numpy/lib/_nanfunctions_impl.py:1997: RuntimeWarning: Degrees of freedom <= 0 for slice.
  var = nanvar(a, axis=axis, dtype=dtype, out=out, ddof=ddof,
/home/ubuntu/observable-garden/learn2/blocks.py:23: RuntimeWarning: Mean of empty slice
  mu = np.nanmean(x, axis=1, keepdims=True)
/home/ubuntu/observable-garden/.venv/lib/python3.14/site-packages/numpy/lib/_nanfunctions_impl.py:1997: RuntimeWarning: Degrees of freedom <= 0 for slice.
  var = nanvar(a, axis=axis, dtype=dtype, out=out, ddof=ddof,
/home/ubuntu/observable-garden/learn2/blocks.py:23: RuntimeWarning: Mean of empty slice
  mu = np.nanmean(x, axis=1, keepdims=True)
/home/ubuntu/observable-garden/.venv/lib/python3.14/site-packages/numpy/lib/_nanfunctions_impl.py:1997: RuntimeWarning: Degrees of freedom <= 0 for slice.
  var = nanvar(a, axis=axis, dtype=dtype, out=out, ddof=ddof,
/home/ubuntu/observable-garden/learn2/blocks.py:23: RuntimeWarning: Mean of empty slice
  mu = np.nanmean(x, axis=1, keepdims=True)
/home/ubuntu/observable-garden/.venv/lib/python3.14/site-packages/numpy/lib/_nanfunctions_impl.py:1997: RuntimeWarning: Degrees of freedom <= 0 for slice.
  var = nanvar(a, axis=axis, dtype=dtype, out=out, ddof=ddof,
/home/ubuntu/observable-garden/learn2/blocks.py:23: RuntimeWarning: Mean of empty slice
  mu = np.nanmean(x, axis=1, keepdims=True)
/home/ubuntu/observable-garden/.venv/lib/python3.14/site-packages/numpy/lib/_nanfunctions_impl.py:1997: RuntimeWarning: Degrees of freedom <= 0 for slice.
  var = nanvar(a, axis=axis, dtype=dtype, out=out, ddof=ddof,
/home/ubuntu/observable-garden/learn2/blocks.py:23: RuntimeWarning: Mean of empty slice
  mu = np.nanmean(x, axis=1, keepdims=True)
/home/ubuntu/observable-garden/.venv/lib/python3.14/site-packages/numpy/lib/_nanfunctions_impl.py:1997: RuntimeWarning: Degrees of freedom <= 0 for slice.
  var = nanvar(a, axis=axis, dtype=dtype, out=out, ddof=ddof,
/home/ubuntu/observable-garden/learn2/blocks.py:23: RuntimeWarning: Mean of empty slice
  mu = np.nanmean(x, axis=1, keepdims=True)
/home/ubuntu/observable-garden/.venv/lib/python3.14/site-packages/numpy/lib/_nanfunctions_impl.py:1997: RuntimeWarning: Degrees of freedom <= 0 for slice.
  var = nanvar(a, axis=axis, dtype=dtype, out=out, ddof=ddof,
/home/ubuntu/observable-garden/learn2/blocks.py:23: RuntimeWarning: Mean of empty slice
  mu = np.nanmean(x, axis=1, keepdims=True)
/home/ubuntu/observable-garden/.venv/lib/python3.14/site-packages/numpy/lib/_nanfunctions_impl.py:1997: RuntimeWarning: Degrees of freedom <= 0 for slice.
  var = nanvar(a, axis=axis, dtype=dtype, out=out, ddof=ddof,
/home/ubuntu/observable-garden/learn2/blocks.py:23: RuntimeWarning: Mean of empty slice
  mu = np.nanmean(x, axis=1, keepdims=True)
/home/ubuntu/observable-garden/.venv/lib/python3.14/site-packages/numpy/lib/_nanfunctions_impl.py:1997: RuntimeWarning: Degrees of freedom <= 0 for slice.
  var = nanvar(a, axis=axis, dtype=dtype, out=out, ddof=ddof,
/home/ubuntu/observable-garden/learn2/blocks.py:23: RuntimeWarning: Mean of empty slice
  mu = np.nanmean(x, axis=1, keepdims=True)
/home/ubuntu/observable-garden/.venv/lib/python3.14/site-packages/numpy/lib/_nanfunctions_impl.py:1997: RuntimeWarning: Degrees of freedom <= 0 for slice.
  var = nanvar(a, axis=axis, dtype=dtype, out=out, ddof=ddof,
/home/ubuntu/observable-garden/learn2/blocks.py:23: RuntimeWarning: Mean of empty slice
  mu = np.nanmean(x, axis=1, keepdims=True)
/home/ubuntu/observable-garden/.venv/lib/python3.14/site-packages/numpy/lib/_nanfunctions_impl.py:1997: RuntimeWarning: Degrees of freedom <= 0 for slice.
  var = nanvar(a, axis=axis, dtype=dtype, out=out, ddof=ddof,
/home/ubuntu/observable-garden/learn2/blocks.py:23: RuntimeWarning: Mean of empty slice
  mu = np.nanmean(x, axis=1, keepdims=True)
/home/ubuntu/observable-garden/.venv/lib/python3.14/site-packages/numpy/lib/_nanfunctions_impl.py:1997: RuntimeWarning: Degrees of freedom <= 0 for slice.
  var = nanvar(a, axis=axis, dtype=dtype, out=out, ddof=ddof,
/home/ubuntu/observable-garden/learn2/blocks.py:23: RuntimeWarning: Mean of empty slice
  mu = np.nanmean(x, axis=1, keepdims=True)
/home/ubuntu/observable-garden/.venv/lib/python3.14/site-packages/numpy/lib/_nanfunctions_impl.py:1997: RuntimeWarning: Degrees of freedom <= 0 for slice.
  var = nanvar(a, axis=axis, dtype=dtype, out=out, ddof=ddof,
/home/ubuntu/observable-garden/learn2/blocks.py:23: RuntimeWarning: Mean of empty slice
  mu = np.nanmean(x, axis=1, keepdims=True)
/home/ubuntu/observable-garden/.venv/lib/python3.14/site-packages/numpy/lib/_nanfunctions_impl.py:1997: RuntimeWarning: Degrees of freedom <= 0 for slice.
  var = nanvar(a, axis=axis, dtype=dtype, out=out, ddof=ddof,
/home/ubuntu/observable-garden/learn2/blocks.py:23: RuntimeWarning: Mean of empty slice
  mu = np.nanmean(x, axis=1, keepdims=True)
/home/ubuntu/observable-garden/.venv/lib/python3.14/site-packages/numpy/lib/_nanfunctions_impl.py:1997: RuntimeWarning: Degrees of freedom <= 0 for slice.
  var = nanvar(a, axis=axis, dtype=dtype, out=out, ddof=ddof,
/home/ubuntu/observable-garden/learn2/blocks.py:23: RuntimeWarning: Mean of empty slice
  mu = np.nanmean(x, axis=1, keepdims=True)
/home/ubuntu/observable-garden/.venv/lib/python3.14/site-packages/numpy/lib/_nanfunctions_impl.py:1997: RuntimeWarning: Degrees of freedom <= 0 for slice.
  var = nanvar(a, axis=axis, dtype=dtype, out=out, ddof=ddof,
/home/ubuntu/observable-garden/learn2/blocks.py:23: RuntimeWarning: Mean of empty slice
  mu = np.nanmean(x, axis=1, keepdims=True)
/home/ubuntu/observable-garden/.venv/lib/python3.14/site-packages/numpy/lib/_nanfunctions_impl.py:1997: RuntimeWarning: Degrees of freedom <= 0 for slice.
  var = nanvar(a, axis=axis, dtype=dtype, out=out, ddof=ddof,
/home/ubuntu/observable-garden/learn2/blocks.py:23: RuntimeWarning: Mean of empty slice
  mu = np.nanmean(x, axis=1, keepdims=True)
/home/ubuntu/observable-garden/.venv/lib/python3.14/site-packages/numpy/lib/_nanfunctions_impl.py:1997: RuntimeWarning: Degrees of freedom <= 0 for slice.
  var = nanvar(a, axis=axis, dtype=dtype, out=out, ddof=ddof,
/home/ubuntu/observable-garden/learn2/blocks.py:23: RuntimeWarning: Mean of empty slice
  mu = np.nanmean(x, axis=1, keepdims=True)
/home/ubuntu/observable-garden/.venv/lib/python3.14/site-packages/numpy/lib/_nanfunctions_impl.py:1997: RuntimeWarning: Degrees of freedom <= 0 for slice.
  var = nanvar(a, axis=axis, dtype=dtype, out=out, ddof=ddof,
/home/ubuntu/observable-garden/learn2/blocks.py:23: RuntimeWarning: Mean of empty slice
  mu = np.nanmean(x, axis=1, keepdims=True)
/home/ubuntu/observable-garden/.venv/lib/python3.14/site-packages/numpy/lib/_nanfunctions_impl.py:1997: RuntimeWarning: Degrees of freedom <= 0 for slice.
  var = nanvar(a, axis=axis, dtype=dtype, out=out, ddof=ddof,
/home/ubuntu/observable-garden/learn2/blocks.py:23: RuntimeWarning: Mean of empty slice
  mu = np.nanmean(x, axis=1, keepdims=True)
/home/ubuntu/observable-garden/.venv/lib/python3.14/site-packages/numpy/lib/_nanfunctions_impl.py:1997: RuntimeWarning: Degrees of freedom <= 0 for slice.
  var = nanvar(a, axis=axis, dtype=dtype, out=out, ddof=ddof,
/home/ubuntu/observable-garden/learn2/blocks.py:23: RuntimeWarning: Mean of empty slice
  mu = np.nanmean(x, axis=1, keepdims=True)
/home/ubuntu/observable-garden/.venv/lib/python3.14/site-packages/numpy/lib/_nanfunctions_impl.py:1997: RuntimeWarning: Degrees of freedom <= 0 for slice.
  var = nanvar(a, axis=axis, dtype=dtype, out=out, ddof=ddof,
/home/ubuntu/observable-garden/learn2/blocks.py:23: RuntimeWarning: Mean of empty slice
  mu = np.nanmean(x, axis=1, keepdims=True)
/home/ubuntu/observable-garden/.venv/lib/python3.14/site-packages/numpy/lib/_nanfunctions_impl.py:1997: RuntimeWarning: Degrees of freedom <= 0 for slice.
  var = nanvar(a, axis=axis, dtype=dtype, out=out, ddof=ddof,
/home/ubuntu/observable-garden/learn2/blocks.py:23: RuntimeWarning: Mean of empty slice
  mu = np.nanmean(x, axis=1, keepdims=True)
/home/ubuntu/observable-garden/.venv/lib/python3.14/site-packages/numpy/lib/_nanfunctions_impl.py:1997: RuntimeWarning: Degrees of freedom <= 0 for slice.
  var = nanvar(a, axis=axis, dtype=dtype, out=out, ddof=ddof,
/home/ubuntu/observable-garden/learn2/blocks.py:23: RuntimeWarning: Mean of empty slice
  mu = np.nanmean(x, axis=1, keepdims=True)
/home/ubuntu/observable-garden/.venv/lib/python3.14/site-packages/numpy/lib/_nanfunctions_impl.py:1997: RuntimeWarning: Degrees of freedom <= 0 for slice.
  var = nanvar(a, axis=axis, dtype=dtype, out=out, ddof=ddof,
/home/ubuntu/observable-garden/learn2/blocks.py:23: RuntimeWarning: Mean of empty slice
  mu = np.nanmean(x, axis=1, keepdims=True)
/home/ubuntu/observable-garden/.venv/lib/python3.14/site-packages/numpy/lib/_nanfunctions_impl.py:1997: RuntimeWarning: Degrees of freedom <= 0 for slice.
  var = nanvar(a, axis=axis, dtype=dtype, out=out, ddof=ddof,
/home/ubuntu/observable-garden/learn2/blocks.py:23: RuntimeWarning: Mean of empty slice
  mu = np.nanmean(x, axis=1, keepdims=True)
/home/ubuntu/observable-garden/.venv/lib/python3.14/site-packages/numpy/lib/_nanfunctions_impl.py:1997: RuntimeWarning: Degrees of freedom <= 0 for slice.
  var = nanvar(a, axis=axis, dtype=dtype, out=out, ddof=ddof,
/home/ubuntu/observable-garden/learn2/blocks.py:23: RuntimeWarning: Mean of empty slice
  mu = np.nanmean(x, axis=1, keepdims=True)
/home/ubuntu/observable-garden/.venv/lib/python3.14/site-packages/numpy/lib/_nanfunctions_impl.py:1997: RuntimeWarning: Degrees of freedom <= 0 for slice.
  var = nanvar(a, axis=axis, dtype=dtype, out=out, ddof=ddof,
/home/ubuntu/observable-garden/learn2/blocks.py:23: RuntimeWarning: Mean of empty slice
  mu = np.nanmean(x, axis=1, keepdims=True)
/home/ubuntu/observable-garden/.venv/lib/python3.14/site-packages/numpy/lib/_nanfunctions_impl.py:1997: RuntimeWarning: Degrees of freedom <= 0 for slice.
  var = nanvar(a, axis=axis, dtype=dtype, out=out, ddof=ddof,
/home/ubuntu/observable-garden/learn2/blocks.py:23: RuntimeWarning: Mean of empty slice
  mu = np.nanmean(x, axis=1, keepdims=True)
/home/ubuntu/observable-garden/.venv/lib/python3.14/site-packages/numpy/lib/_nanfunctions_impl.py:1997: RuntimeWarning: Degrees of freedom <= 0 for slice.
  var = nanvar(a, axis=axis, dtype=dtype, out=out, ddof=ddof,
/home/ubuntu/observable-garden/learn2/blocks.py:23: RuntimeWarning: Mean of empty slice
  mu = np.nanmean(x, axis=1, keepdims=True)
/home/ubuntu/observable-garden/.venv/lib/python3.14/site-packages/numpy/lib/_nanfunctions_impl.py:1997: RuntimeWarning: Degrees of freedom <= 0 for slice.
  var = nanvar(a, axis=axis, dtype=dtype, out=out, ddof=ddof,
/home/ubuntu/observable-garden/learn2/blocks.py:23: RuntimeWarning: Mean of empty slice
  mu = np.nanmean(x, axis=1, keepdims=True)
/home/ubuntu/observable-garden/.venv/lib/python3.14/site-packages/numpy/lib/_nanfunctions_impl.py:1997: RuntimeWarning: Degrees of freedom <= 0 for slice.
  var = nanvar(a, axis=axis, dtype=dtype, out=out, ddof=ddof,
/home/ubuntu/observable-garden/learn2/blocks.py:23: RuntimeWarning: Mean of empty slice
  mu = np.nanmean(x, axis=1, keepdims=True)
/home/ubuntu/observable-garden/.venv/lib/python3.14/site-packages/numpy/lib/_nanfunctions_impl.py:1997: RuntimeWarning: Degrees of freedom <= 0 for slice.
  var = nanvar(a, axis=axis, dtype=dtype, out=out, ddof=ddof,
/home/ubuntu/observable-garden/learn2/blocks.py:23: RuntimeWarning: Mean of empty slice
  mu = np.nanmean(x, axis=1, keepdims=True)
/home/ubuntu/observable-garden/.venv/lib/python3.14/site-packages/numpy/lib/_nanfunctions_impl.py:1997: RuntimeWarning: Degrees of freedom <= 0 for slice.
  var = nanvar(a, axis=axis, dtype=dtype, out=out, ddof=ddof,
/home/ubuntu/observable-garden/learn2/blocks.py:23: RuntimeWarning: Mean of empty slice
  mu = np.nanmean(x, axis=1, keepdims=True)
/home/ubuntu/observable-garden/.venv/lib/python3.14/site-packages/numpy/lib/_nanfunctions_impl.py:1997: RuntimeWarning: Degrees of freedom <= 0 for slice.
  var = nanvar(a, axis=axis, dtype=dtype, out=out, ddof=ddof,
/home/ubuntu/observable-garden/learn2/blocks.py:23: RuntimeWarning: Mean of empty slice
  mu = np.nanmean(x, axis=1, keepdims=True)
/home/ubuntu/observable-garden/.venv/lib/python3.14/site-packages/numpy/lib/_nanfunctions_impl.py:1997: RuntimeWarning: Degrees of freedom <= 0 for slice.
  var = nanvar(a, axis=axis, dtype=dtype, out=out, ddof=ddof,
/home/ubuntu/observable-garden/learn2/blocks.py:23: RuntimeWarning: Mean of empty slice
  mu = np.nanmean(x, axis=1, keepdims=True)
/home/ubuntu/observable-garden/.venv/lib/python3.14/site-packages/numpy/lib/_nanfunctions_impl.py:1997: RuntimeWarning: Degrees of freedom <= 0 for slice.
  var = nanvar(a, axis=axis, dtype=dtype, out=out, ddof=ddof,
/home/ubuntu/observable-garden/learn2/blocks.py:23: RuntimeWarning: Mean of empty slice
  mu = np.nanmean(x, axis=1, keepdims=True)
/home/ubuntu/observable-garden/.venv/lib/python3.14/site-packages/numpy/lib/_nanfunctions_impl.py:1997: RuntimeWarning: Degrees of freedom <= 0 for slice.
  var = nanvar(a, axis=axis, dtype=dtype, out=out, ddof=ddof,
/home/ubuntu/observable-garden/learn2/blocks.py:23: RuntimeWarning: Mean of empty slice
  mu = np.nanmean(x, axis=1, keepdims=True)
/home/ubuntu/observable-garden/.venv/lib/python3.14/site-packages/numpy/lib/_nanfunctions_impl.py:1997: RuntimeWarning: Degrees of freedom <= 0 for slice.
  var = nanvar(a, axis=axis, dtype=dtype, out=out, ddof=ddof,
/home/ubuntu/observable-garden/learn2/blocks.py:23: RuntimeWarning: Mean of empty slice
  mu = np.nanmean(x, axis=1, keepdims=True)
/home/ubuntu/observable-garden/learn2/blocks.py:23: RuntimeWarning: Mean of empty slice
  mu = np.nanmean(x, axis=1, keepdims=True)
/home/ubuntu/observable-garden/.venv/lib/python3.14/site-packages/numpy/lib/_nanfunctions_impl.py:1997: RuntimeWarning: Degrees of freedom <= 0 for slice.
  var = nanvar(a, axis=axis, dtype=dtype, out=out, ddof=ddof,
/home/ubuntu/observable-garden/.venv/lib/python3.14/site-packages/numpy/lib/_nanfunctions_impl.py:1997: RuntimeWarning: Degrees of freedom <= 0 for slice.
  var = nanvar(a, axis=axis, dtype=dtype, out=out, ddof=ddof,
/home/ubuntu/observable-garden/learn2/blocks.py:23: RuntimeWarning: Mean of empty slice
  mu = np.nanmean(x, axis=1, keepdims=True)
/home/ubuntu/observable-garden/.venv/lib/python3.14/site-packages/numpy/lib/_nanfunctions_impl.py:1997: RuntimeWarning: Degrees of freedom <= 0 for slice.
  var = nanvar(a, axis=axis, dtype=dtype, out=out, ddof=ddof,
/home/ubuntu/observable-garden/learn2/blocks.py:23: RuntimeWarning: Mean of empty slice
  mu = np.nanmean(x, axis=1, keepdims=True)
/home/ubuntu/observable-garden/.venv/lib/python3.14/site-packages/numpy/lib/_nanfunctions_impl.py:1997: RuntimeWarning: Degrees of freedom <= 0 for slice.
  var = nanvar(a, axis=axis, dtype=dtype, out=out, ddof=ddof,
/home/ubuntu/observable-garden/learn2/blocks.py:23: RuntimeWarning: Mean of empty slice
  mu = np.nanmean(x, axis=1, keepdims=True)
/home/ubuntu/observable-garden/.venv/lib/python3.14/site-packages/numpy/lib/_nanfunctions_impl.py:1997: RuntimeWarning: Degrees of freedom <= 0 for slice.
  var = nanvar(a, axis=axis, dtype=dtype, out=out, ddof=ddof,
/home/ubuntu/observable-garden/learn2/blocks.py:23: RuntimeWarning: Mean of empty slice
  mu = np.nanmean(x, axis=1, keepdims=True)
/home/ubuntu/observable-garden/.venv/lib/python3.14/site-packages/numpy/lib/_nanfunctions_impl.py:1997: RuntimeWarning: Degrees of freedom <= 0 for slice.
  var = nanvar(a, axis=axis, dtype=dtype, out=out, ddof=ddof,
/home/ubuntu/observable-garden/learn2/blocks.py:23: RuntimeWarning: Mean of empty slice
  mu = np.nanmean(x, axis=1, keepdims=True)
/home/ubuntu/observable-garden/.venv/lib/python3.14/site-packages/numpy/lib/_nanfunctions_impl.py:1997: RuntimeWarning: Degrees of freedom <= 0 for slice.
  var = nanvar(a, axis=axis, dtype=dtype, out=out, ddof=ddof,
/home/ubuntu/observable-garden/learn2/blocks.py:23: RuntimeWarning: Mean of empty slice
  mu = np.nanmean(x, axis=1, keepdims=True)
/home/ubuntu/observable-garden/.venv/lib/python3.14/site-packages/numpy/lib/_nanfunctions_impl.py:1997: RuntimeWarning: Degrees of freedom <= 0 for slice.
  var = nanvar(a, axis=axis, dtype=dtype, out=out, ddof=ddof,
/home/ubuntu/observable-garden/learn2/blocks.py:23: RuntimeWarning: Mean of empty slice
  mu = np.nanmean(x, axis=1, keepdims=True)
/home/ubuntu/observable-garden/.venv/lib/python3.14/site-packages/numpy/lib/_nanfunctions_impl.py:1997: RuntimeWarning: Degrees of freedom <= 0 for slice.
  var = nanvar(a, axis=axis, dtype=dtype, out=out, ddof=ddof,
/home/ubuntu/observable-garden/learn2/blocks.py:23: RuntimeWarning: Mean of empty slice
  mu = np.nanmean(x, axis=1, keepdims=True)
/home/ubuntu/observable-garden/.venv/lib/python3.14/site-packages/numpy/lib/_nanfunctions_impl.py:1997: RuntimeWarning: Degrees of freedom <= 0 for slice.
  var = nanvar(a, axis=axis, dtype=dtype, out=out, ddof=ddof,
/home/ubuntu/observable-garden/learn2/blocks.py:23: RuntimeWarning: Mean of empty slice
  mu = np.nanmean(x, axis=1, keepdims=True)
/home/ubuntu/observable-garden/.venv/lib/python3.14/site-packages/numpy/lib/_nanfunctions_impl.py:1997: RuntimeWarning: Degrees of freedom <= 0 for slice.
  var = nanvar(a, axis=axis, dtype=dtype, out=out, ddof=ddof,
/home/ubuntu/observable-garden/learn2/blocks.py:23: RuntimeWarning: Mean of empty slice
  mu = np.nanmean(x, axis=1, keepdims=True)
/home/ubuntu/observable-garden/.venv/lib/python3.14/site-packages/numpy/lib/_nanfunctions_impl.py:1997: RuntimeWarning: Degrees of freedom <= 0 for slice.
  var = nanvar(a, axis=axis, dtype=dtype, out=out, ddof=ddof,
/home/ubuntu/observable-garden/learn2/blocks.py:23: RuntimeWarning: Mean of empty slice
  mu = np.nanmean(x, axis=1, keepdims=True)
/home/ubuntu/observable-garden/learn2/blocks.py:23: RuntimeWarning: Mean of empty slice
  mu = np.nanmean(x, axis=1, keepdims=True)
/home/ubuntu/observable-garden/.venv/lib/python3.14/site-packages/numpy/lib/_nanfunctions_impl.py:1997: RuntimeWarning: Degrees of freedom <= 0 for slice.
  var = nanvar(a, axis=axis, dtype=dtype, out=out, ddof=ddof,
/home/ubuntu/observable-garden/.venv/lib/python3.14/site-packages/numpy/lib/_nanfunctions_impl.py:1997: RuntimeWarning: Degrees of freedom <= 0 for slice.
  var = nanvar(a, axis=axis, dtype=dtype, out=out, ddof=ddof,
/home/ubuntu/observable-garden/learn2/blocks.py:23: RuntimeWarning: Mean of empty slice
  mu = np.nanmean(x, axis=1, keepdims=True)
/home/ubuntu/observable-garden/.venv/lib/python3.14/site-packages/numpy/lib/_nanfunctions_impl.py:1997: RuntimeWarning: Degrees of freedom <= 0 for slice.
  var = nanvar(a, axis=axis, dtype=dtype, out=out, ddof=ddof,
/home/ubuntu/observable-garden/learn2/blocks.py:23: RuntimeWarning: Mean of empty slice
  mu = np.nanmean(x, axis=1, keepdims=True)
/home/ubuntu/observable-garden/.venv/lib/python3.14/site-packages/numpy/lib/_nanfunctions_impl.py:1997: RuntimeWarning: Degrees of freedom <= 0 for slice.
  var = nanvar(a, axis=axis, dtype=dtype, out=out, ddof=ddof,
/home/ubuntu/observable-garden/learn2/blocks.py:23: RuntimeWarning: Mean of empty slice
  mu = np.nanmean(x, axis=1, keepdims=True)
/home/ubuntu/observable-garden/.venv/lib/python3.14/site-packages/numpy/lib/_nanfunctions_impl.py:1997: RuntimeWarning: Degrees of freedom <= 0 for slice.
  var = nanvar(a, axis=axis, dtype=dtype, out=out, ddof=ddof,
/home/ubuntu/observable-garden/learn2/blocks.py:23: RuntimeWarning: Mean of empty slice
  mu = np.nanmean(x, axis=1, keepdims=True)
/home/ubuntu/observable-garden/.venv/lib/python3.14/site-packages/numpy/lib/_nanfunctions_impl.py:1997: RuntimeWarning: Degrees of freedom <= 0 for slice.
  var = nanvar(a, axis=axis, dtype=dtype, out=out, ddof=ddof,
/home/ubuntu/observable-garden/learn2/blocks.py:23: RuntimeWarning: Mean of empty slice
  mu = np.nanmean(x, axis=1, keepdims=True)
/home/ubuntu/observable-garden/.venv/lib/python3.14/site-packages/numpy/lib/_nanfunctions_impl.py:1997: RuntimeWarning: Degrees of freedom <= 0 for slice.
  var = nanvar(a, axis=axis, dtype=dtype, out=out, ddof=ddof,
/home/ubuntu/observable-garden/learn2/blocks.py:23: RuntimeWarning: Mean of empty slice
  mu = np.nanmean(x, axis=1, keepdims=True)
/home/ubuntu/observable-garden/.venv/lib/python3.14/site-packages/numpy/lib/_nanfunctions_impl.py:1997: RuntimeWarning: Degrees of freedom <= 0 for slice.
  var = nanvar(a, axis=axis, dtype=dtype, out=out, ddof=ddof,
/home/ubuntu/observable-garden/learn2/blocks.py:23: RuntimeWarning: Mean of empty slice
  mu = np.nanmean(x, axis=1, keepdims=True)
/home/ubuntu/observable-garden/.venv/lib/python3.14/site-packages/numpy/lib/_nanfunctions_impl.py:1997: RuntimeWarning: Degrees of freedom <= 0 for slice.
  var = nanvar(a, axis=axis, dtype=dtype, out=out, ddof=ddof,
/home/ubuntu/observable-garden/learn2/blocks.py:23: RuntimeWarning: Mean of empty slice
  mu = np.nanmean(x, axis=1, keepdims=True)
/home/ubuntu/observable-garden/.venv/lib/python3.14/site-packages/numpy/lib/_nanfunctions_impl.py:1997: RuntimeWarning: Degrees of freedom <= 0 for slice.
  var = nanvar(a, axis=axis, dtype=dtype, out=out, ddof=ddof,
/home/ubuntu/observable-garden/learn2/blocks.py:23: RuntimeWarning: Mean of empty slice
  mu = np.nanmean(x, axis=1, keepdims=True)
/home/ubuntu/observable-garden/.venv/lib/python3.14/site-packages/numpy/lib/_nanfunctions_impl.py:1997: RuntimeWarning: Degrees of freedom <= 0 for slice.
  var = nanvar(a, axis=axis, dtype=dtype, out=out, ddof=ddof,
/home/ubuntu/observable-garden/learn2/blocks.py:23: RuntimeWarning: Mean of empty slice
  mu = np.nanmean(x, axis=1, keepdims=True)
/home/ubuntu/observable-garden/.venv/lib/python3.14/site-packages/numpy/lib/_nanfunctions_impl.py:1997: RuntimeWarning: Degrees of freedom <= 0 for slice.
  var = nanvar(a, axis=axis, dtype=dtype, out=out, ddof=ddof,
/home/ubuntu/observable-garden/learn2/blocks.py:23: RuntimeWarning: Mean of empty slice
  mu = np.nanmean(x, axis=1, keepdims=True)
/home/ubuntu/observable-garden/.venv/lib/python3.14/site-packages/numpy/lib/_nanfunctions_impl.py:1997: RuntimeWarning: Degrees of freedom <= 0 for slice.
  var = nanvar(a, axis=axis, dtype=dtype, out=out, ddof=ddof,
/home/ubuntu/observable-garden/learn2/blocks.py:23: RuntimeWarning: Mean of empty slice
  mu = np.nanmean(x, axis=1, keepdims=True)
/home/ubuntu/observable-garden/.venv/lib/python3.14/site-packages/numpy/lib/_nanfunctions_impl.py:1997: RuntimeWarning: Degrees of freedom <= 0 for slice.
  var = nanvar(a, axis=axis, dtype=dtype, out=out, ddof=ddof,
/home/ubuntu/observable-garden/learn2/blocks.py:23: RuntimeWarning: Mean of empty slice
  mu = np.nanmean(x, axis=1, keepdims=True)
/home/ubuntu/observable-garden/.venv/lib/python3.14/site-packages/numpy/lib/_nanfunctions_impl.py:1997: RuntimeWarning: Degrees of freedom <= 0 for slice.
  var = nanvar(a, axis=axis, dtype=dtype, out=out, ddof=ddof,
/home/ubuntu/observable-garden/learn2/blocks.py:23: RuntimeWarning: Mean of empty slice
  mu = np.nanmean(x, axis=1, keepdims=True)
/home/ubuntu/observable-garden/.venv/lib/python3.14/site-packages/numpy/lib/_nanfunctions_impl.py:1997: RuntimeWarning: Degrees of freedom <= 0 for slice.
  var = nanvar(a, axis=axis, dtype=dtype, out=out, ddof=ddof,
/home/ubuntu/observable-garden/learn2/blocks.py:23: RuntimeWarning: Mean of empty slice
  mu = np.nanmean(x, axis=1, keepdims=True)
/home/ubuntu/observable-garden/.venv/lib/python3.14/site-packages/numpy/lib/_nanfunctions_impl.py:1997: RuntimeWarning: Degrees of freedom <= 0 for slice.
  var = nanvar(a, axis=axis, dtype=dtype, out=out, ddof=ddof,
/home/ubuntu/observable-garden/learn2/blocks.py:23: RuntimeWarning: Mean of empty slice
  mu = np.nanmean(x, axis=1, keepdims=True)
/home/ubuntu/observable-garden/.venv/lib/python3.14/site-packages/numpy/lib/_nanfunctions_impl.py:1997: RuntimeWarning: Degrees of freedom <= 0 for slice.
  var = nanvar(a, axis=axis, dtype=dtype, out=out, ddof=ddof,
/home/ubuntu/observable-garden/learn2/blocks.py:23: RuntimeWarning: Mean of empty slice
  mu = np.nanmean(x, axis=1, keepdims=True)
/home/ubuntu/observable-garden/.venv/lib/python3.14/site-packages/numpy/lib/_nanfunctions_impl.py:1997: RuntimeWarning: Degrees of freedom <= 0 for slice.
  var = nanvar(a, axis=axis, dtype=dtype, out=out, ddof=ddof,
/home/ubuntu/observable-garden/learn2/blocks.py:23: RuntimeWarning: Mean of empty slice
  mu = np.nanmean(x, axis=1, keepdims=True)
/home/ubuntu/observable-garden/.venv/lib/python3.14/site-packages/numpy/lib/_nanfunctions_impl.py:1997: RuntimeWarning: Degrees of freedom <= 0 for slice.
  var = nanvar(a, axis=axis, dtype=dtype, out=out, ddof=ddof,
/home/ubuntu/observable-garden/learn2/blocks.py:23: RuntimeWarning: Mean of empty slice
  mu = np.nanmean(x, axis=1, keepdims=True)
/home/ubuntu/observable-garden/.venv/lib/python3.14/site-packages/numpy/lib/_nanfunctions_impl.py:1997: RuntimeWarning: Degrees of freedom <= 0 for slice.
  var = nanvar(a, axis=axis, dtype=dtype, out=out, ddof=ddof,
/home/ubuntu/observable-garden/learn2/blocks.py:23: RuntimeWarning: Mean of empty slice
  mu = np.nanmean(x, axis=1, keepdims=True)
/home/ubuntu/observable-garden/.venv/lib/python3.14/site-packages/numpy/lib/_nanfunctions_impl.py:1997: RuntimeWarning: Degrees of freedom <= 0 for slice.
  var = nanvar(a, axis=axis, dtype=dtype, out=out, ddof=ddof,
/home/ubuntu/observable-garden/learn2/blocks.py:23: RuntimeWarning: Mean of empty slice
  mu = np.nanmean(x, axis=1, keepdims=True)
/home/ubuntu/observable-garden/.venv/lib/python3.14/site-packages/numpy/lib/_nanfunctions_impl.py:1997: RuntimeWarning: Degrees of freedom <= 0 for slice.
  var = nanvar(a, axis=axis, dtype=dtype, out=out, ddof=ddof,
/home/ubuntu/observable-garden/learn2/blocks.py:23: RuntimeWarning: Mean of empty slice
  mu = np.nanmean(x, axis=1, keepdims=True)
/home/ubuntu/observable-garden/.venv/lib/python3.14/site-packages/numpy/lib/_nanfunctions_impl.py:1997: RuntimeWarning: Degrees of freedom <= 0 for slice.
  var = nanvar(a, axis=axis, dtype=dtype, out=out, ddof=ddof,
/home/ubuntu/observable-garden/learn2/blocks.py:23: RuntimeWarning: Mean of empty slice
  mu = np.nanmean(x, axis=1, keepdims=True)
/home/ubuntu/observable-garden/.venv/lib/python3.14/site-packages/numpy/lib/_nanfunctions_impl.py:1997: RuntimeWarning: Degrees of freedom <= 0 for slice.
  var = nanvar(a, axis=axis, dtype=dtype, out=out, ddof=ddof,
/home/ubuntu/observable-garden/learn2/blocks.py:23: RuntimeWarning: Mean of empty slice
  mu = np.nanmean(x, axis=1, keepdims=True)
/home/ubuntu/observable-garden/.venv/lib/python3.14/site-packages/numpy/lib/_nanfunctions_impl.py:1997: RuntimeWarning: Degrees of freedom <= 0 for slice.
  var = nanvar(a, axis=axis, dtype=dtype, out=out, ddof=ddof,
/home/ubuntu/observable-garden/learn2/blocks.py:23: RuntimeWarning: Mean of empty slice
  mu = np.nanmean(x, axis=1, keepdims=True)
/home/ubuntu/observable-garden/.venv/lib/python3.14/site-packages/numpy/lib/_nanfunctions_impl.py:1997: RuntimeWarning: Degrees of freedom <= 0 for slice.
  var = nanvar(a, axis=axis, dtype=dtype, out=out, ddof=ddof,
/home/ubuntu/observable-garden/learn2/blocks.py:23: RuntimeWarning: Mean of empty slice
  mu = np.nanmean(x, axis=1, keepdims=True)
/home/ubuntu/observable-garden/.venv/lib/python3.14/site-packages/numpy/lib/_nanfunctions_impl.py:1997: RuntimeWarning: Degrees of freedom <= 0 for slice.
  var = nanvar(a, axis=axis, dtype=dtype, out=out, ddof=ddof,
/home/ubuntu/observable-garden/learn2/blocks.py:23: RuntimeWarning: Mean of empty slice
  mu = np.nanmean(x, axis=1, keepdims=True)
/home/ubuntu/observable-garden/learn2/blocks.py:23: RuntimeWarning: Mean of empty slice
  mu = np.nanmean(x, axis=1, keepdims=True)
/home/ubuntu/observable-garden/.venv/lib/python3.14/site-packages/numpy/lib/_nanfunctions_impl.py:1997: RuntimeWarning: Degrees of freedom <= 0 for slice.
  var = nanvar(a, axis=axis, dtype=dtype, out=out, ddof=ddof,
/home/ubuntu/observable-garden/.venv/lib/python3.14/site-packages/numpy/lib/_nanfunctions_impl.py:1997: RuntimeWarning: Degrees of freedom <= 0 for slice.
  var = nanvar(a, axis=axis, dtype=dtype, out=out, ddof=ddof,
/home/ubuntu/observable-garden/learn2/blocks.py:23: RuntimeWarning: Mean of empty slice
  mu = np.nanmean(x, axis=1, keepdims=True)
/home/ubuntu/observable-garden/learn2/blocks.py:23: RuntimeWarning: Mean of empty slice
  mu = np.nanmean(x, axis=1, keepdims=True)
/home/ubuntu/observable-garden/.venv/lib/python3.14/site-packages/numpy/lib/_nanfunctions_impl.py:1997: RuntimeWarning: Degrees of freedom <= 0 for slice.
  var = nanvar(a, axis=axis, dtype=dtype, out=out, ddof=ddof,
/home/ubuntu/observable-garden/.venv/lib/python3.14/site-packages/numpy/lib/_nanfunctions_impl.py:1997: RuntimeWarning: Degrees of freedom <= 0 for slice.
  var = nanvar(a, axis=axis, dtype=dtype, out=out, ddof=ddof,
/home/ubuntu/observable-garden/learn2/blocks.py:23: RuntimeWarning: Mean of empty slice
  mu = np.nanmean(x, axis=1, keepdims=True)
/home/ubuntu/observable-garden/.venv/lib/python3.14/site-packages/numpy/lib/_nanfunctions_impl.py:1997: RuntimeWarning: Degrees of freedom <= 0 for slice.
  var = nanvar(a, axis=axis, dtype=dtype, out=out, ddof=ddof,
/home/ubuntu/observable-garden/learn2/blocks.py:23: RuntimeWarning: Mean of empty slice
  mu = np.nanmean(x, axis=1, keepdims=True)
/home/ubuntu/observable-garden/.venv/lib/python3.14/site-packages/numpy/lib/_nanfunctions_impl.py:1997: RuntimeWarning: Degrees of freedom <= 0 for slice.
  var = nanvar(a, axis=axis, dtype=dtype, out=out, ddof=ddof,
/home/ubuntu/observable-garden/learn2/blocks.py:23: RuntimeWarning: Mean of empty slice
  mu = np.nanmean(x, axis=1, keepdims=True)
/home/ubuntu/observable-garden/.venv/lib/python3.14/site-packages/numpy/lib/_nanfunctions_impl.py:1997: RuntimeWarning: Degrees of freedom <= 0 for slice.
  var = nanvar(a, axis=axis, dtype=dtype, out=out, ddof=ddof,
/home/ubuntu/observable-garden/learn2/blocks.py:23: RuntimeWarning: Mean of empty slice
  mu = np.nanmean(x, axis=1, keepdims=True)
/home/ubuntu/observable-garden/.venv/lib/python3.14/site-packages/numpy/lib/_nanfunctions_impl.py:1997: RuntimeWarning: Degrees of freedom <= 0 for slice.
  var = nanvar(a, axis=axis, dtype=dtype, out=out, ddof=ddof,
/home/ubuntu/observable-garden/learn2/blocks.py:23: RuntimeWarning: Mean of empty slice
  mu = np.nanmean(x, axis=1, keepdims=True)
/home/ubuntu/observable-garden/.venv/lib/python3.14/site-packages/numpy/lib/_nanfunctions_impl.py:1997: RuntimeWarning: Degrees of freedom <= 0 for slice.
  var = nanvar(a, axis=axis, dtype=dtype, out=out, ddof=ddof,
/home/ubuntu/observable-garden/learn2/blocks.py:23: RuntimeWarning: Mean of empty slice
  mu = np.nanmean(x, axis=1, keepdims=True)
/home/ubuntu/observable-garden/.venv/lib/python3.14/site-packages/numpy/lib/_nanfunctions_impl.py:1997: RuntimeWarning: Degrees of freedom <= 0 for slice.
  var = nanvar(a, axis=axis, dtype=dtype, out=out, ddof=ddof,
/home/ubuntu/observable-garden/learn2/blocks.py:23: RuntimeWarning: Mean of empty slice
  mu = np.nanmean(x, axis=1, keepdims=True)
/home/ubuntu/observable-garden/.venv/lib/python3.14/site-packages/numpy/lib/_nanfunctions_impl.py:1997: RuntimeWarning: Degrees of freedom <= 0 for slice.
  var = nanvar(a, axis=axis, dtype=dtype, out=out, ddof=ddof,
/home/ubuntu/observable-garden/learn2/blocks.py:23: RuntimeWarning: Mean of empty slice
  mu = np.nanmean(x, axis=1, keepdims=True)
/home/ubuntu/observable-garden/.venv/lib/python3.14/site-packages/numpy/lib/_nanfunctions_impl.py:1997: RuntimeWarning: Degrees of freedom <= 0 for slice.
  var = nanvar(a, axis=axis, dtype=dtype, out=out, ddof=ddof,
/home/ubuntu/observable-garden/learn2/blocks.py:23: RuntimeWarning: Mean of empty slice
  mu = np.nanmean(x, axis=1, keepdims=True)
/home/ubuntu/observable-garden/.venv/lib/python3.14/site-packages/numpy/lib/_nanfunctions_impl.py:1997: RuntimeWarning: Degrees of freedom <= 0 for slice.
  var = nanvar(a, axis=axis, dtype=dtype, out=out, ddof=ddof,
/home/ubuntu/observable-garden/learn2/blocks.py:23: RuntimeWarning: Mean of empty slice
  mu = np.nanmean(x, axis=1, keepdims=True)
/home/ubuntu/observable-garden/.venv/lib/python3.14/site-packages/numpy/lib/_nanfunctions_impl.py:1997: RuntimeWarning: Degrees of freedom <= 0 for slice.
  var = nanvar(a, axis=axis, dtype=dtype, out=out, ddof=ddof,
/home/ubuntu/observable-garden/learn2/blocks.py:23: RuntimeWarning: Mean of empty slice
  mu = np.nanmean(x, axis=1, keepdims=True)
/home/ubuntu/observable-garden/.venv/lib/python3.14/site-packages/numpy/lib/_nanfunctions_impl.py:1997: RuntimeWarning: Degrees of freedom <= 0 for slice.
  var = nanvar(a, axis=axis, dtype=dtype, out=out, ddof=ddof,
/home/ubuntu/observable-garden/learn2/blocks.py:23: RuntimeWarning: Mean of empty slice
  mu = np.nanmean(x, axis=1, keepdims=True)
/home/ubuntu/observable-garden/.venv/lib/python3.14/site-packages/numpy/lib/_nanfunctions_impl.py:1997: RuntimeWarning: Degrees of freedom <= 0 for slice.
  var = nanvar(a, axis=axis, dtype=dtype, out=out, ddof=ddof,
/home/ubuntu/observable-garden/learn2/blocks.py:23: RuntimeWarning: Mean of empty slice
  mu = np.nanmean(x, axis=1, keepdims=True)
/home/ubuntu/observable-garden/.venv/lib/python3.14/site-packages/numpy/lib/_nanfunctions_impl.py:1997: RuntimeWarning: Degrees of freedom <= 0 for slice.
  var = nanvar(a, axis=axis, dtype=dtype, out=out, ddof=ddof,
/home/ubuntu/observable-garden/learn2/blocks.py:23: RuntimeWarning: Mean of empty slice
  mu = np.nanmean(x, axis=1, keepdims=True)
/home/ubuntu/observable-garden/.venv/lib/python3.14/site-packages/numpy/lib/_nanfunctions_impl.py:1997: RuntimeWarning: Degrees of freedom <= 0 for slice.
  var = nanvar(a, axis=axis, dtype=dtype, out=out, ddof=ddof,
/home/ubuntu/observable-garden/learn2/blocks.py:23: RuntimeWarning: Mean of empty slice
  mu = np.nanmean(x, axis=1, keepdims=True)
/home/ubuntu/observable-garden/.venv/lib/python3.14/site-packages/numpy/lib/_nanfunctions_impl.py:1997: RuntimeWarning: Degrees of freedom <= 0 for slice.
  var = nanvar(a, axis=axis, dtype=dtype, out=out, ddof=ddof,
/home/ubuntu/observable-garden/learn2/blocks.py:23: RuntimeWarning: Mean of empty slice
  mu = np.nanmean(x, axis=1, keepdims=True)
/home/ubuntu/observable-garden/.venv/lib/python3.14/site-packages/numpy/lib/_nanfunctions_impl.py:1997: RuntimeWarning: Degrees of freedom <= 0 for slice.
  var = nanvar(a, axis=axis, dtype=dtype, out=out, ddof=ddof,
/home/ubuntu/observable-garden/learn2/learner.py:133: RuntimeWarning: Mean of empty slice
  out[:, m] = fwd[:, m] - np.nanmean(fwd[:, m], axis=1, keepdims=True)
/home/ubuntu/observable-garden/learn2/learner.py:133: RuntimeWarning: Mean of empty slice
  out[:, m] = fwd[:, m] - np.nanmean(fwd[:, m], axis=1, keepdims=True)
/home/ubuntu/observable-garden/learn2/learner.py:133: RuntimeWarning: Mean of empty slice
  out[:, m] = fwd[:, m] - np.nanmean(fwd[:, m], axis=1, keepdims=True)
/home/ubuntu/observable-garden/learn2/learner.py:133: RuntimeWarning: Mean of empty slice
  out[:, m] = fwd[:, m] - np.nanmean(fwd[:, m], axis=1, keepdims=True)
/home/ubuntu/observable-garden/learn2/learner.py:133: RuntimeWarning: Mean of empty slice
  out[:, m] = fwd[:, m] - np.nanmean(fwd[:, m], axis=1, keepdims=True)
/home/ubuntu/observable-garden/learn2/learner.py:133: RuntimeWarning: Mean of empty slice
  out[:, m] = fwd[:, m] - np.nanmean(fwd[:, m], axis=1, keepdims=True)
/home/ubuntu/observable-garden/learn2/learner.py:133: RuntimeWarning: Mean of empty slice
  out[:, m] = fwd[:, m] - np.nanmean(fwd[:, m], axis=1, keepdims=True)
/home/ubuntu/observable-garden/learn2/learner.py:133: RuntimeWarning: Mean of empty slice
  out[:, m] = fwd[:, m] - np.nanmean(fwd[:, m], axis=1, keepdims=True)
/home/ubuntu/observable-garden/learn2/learner.py:133: RuntimeWarning: Mean of empty slice
  out[:, m] = fwd[:, m] - np.nanmean(fwd[:, m], axis=1, keepdims=True)
/home/ubuntu/observable-garden/learn2/learner.py:133: RuntimeWarning: Mean of empty slice
  out[:, m] = fwd[:, m] - np.nanmean(fwd[:, m], axis=1, keepdims=True)
/home/ubuntu/observable-garden/learn2/learner.py:133: RuntimeWarning: Mean of empty slice
  out[:, m] = fwd[:, m] - np.nanmean(fwd[:, m], axis=1, keepdims=True)
/home/ubuntu/observable-garden/learn2/learner.py:133: RuntimeWarning: Mean of empty slice
  out[:, m] = fwd[:, m] - np.nanmean(fwd[:, m], axis=1, keepdims=True)
/home/ubuntu/observable-garden/learn2/learner.py:133: RuntimeWarning: Mean of empty slice
  out[:, m] = fwd[:, m] - np.nanmean(fwd[:, m], axis=1, keepdims=True)
/home/ubuntu/observable-garden/learn2/learner.py:133: RuntimeWarning: Mean of empty slice
  out[:, m] = fwd[:, m] - np.nanmean(fwd[:, m], axis=1, keepdims=True)
/home/ubuntu/observable-garden/learn2/learner.py:133: RuntimeWarning: Mean of empty slice
  out[:, m] = fwd[:, m] - np.nanmean(fwd[:, m], axis=1, keepdims=True)
/home/ubuntu/observable-garden/learn2/learner.py:133: RuntimeWarning: Mean of empty slice
  out[:, m] = fwd[:, m] - np.nanmean(fwd[:, m], axis=1, keepdims=True)
/home/ubuntu/observable-garden/learn2/learner.py:133: RuntimeWarning: Mean of empty slice
  out[:, m] = fwd[:, m] - np.nanmean(fwd[:, m], axis=1, keepdims=True)
/home/ubuntu/observable-garden/learn2/learner.py:133: RuntimeWarning: Mean of empty slice
  out[:, m] = fwd[:, m] - np.nanmean(fwd[:, m], axis=1, keepdims=True)
/home/ubuntu/observable-garden/learn2/learner.py:133: RuntimeWarning: Mean of empty slice
  out[:, m] = fwd[:, m] - np.nanmean(fwd[:, m], axis=1, keepdims=True)
/home/ubuntu/observable-garden/learn2/learner.py:133: RuntimeWarning: Mean of empty slice
  out[:, m] = fwd[:, m] - np.nanmean(fwd[:, m], axis=1, keepdims=True)
/home/ubuntu/observable-garden/learn2/learner.py:133: RuntimeWarning: Mean of empty slice
  out[:, m] = fwd[:, m] - np.nanmean(fwd[:, m], axis=1, keepdims=True)
/home/ubuntu/observable-garden/learn2/learner.py:133: RuntimeWarning: Mean of empty slice
  out[:, m] = fwd[:, m] - np.nanmean(fwd[:, m], axis=1, keepdims=True)
/home/ubuntu/observable-garden/learn2/learner.py:133: RuntimeWarning: Mean of empty slice
  out[:, m] = fwd[:, m] - np.nanmean(fwd[:, m], axis=1, keepdims=True)
/home/ubuntu/observable-garden/learn2/learner.py:133: RuntimeWarning: Mean of empty slice
  out[:, m] = fwd[:, m] - np.nanmean(fwd[:, m], axis=1, keepdims=True)
/home/ubuntu/observable-garden/learn2/learner.py:133: RuntimeWarning: Mean of empty slice
  out[:, m] = fwd[:, m] - np.nanmean(fwd[:, m], axis=1, keepdims=True)
/home/ubuntu/observable-garden/learn2/learner.py:133: RuntimeWarning: Mean of empty slice
  out[:, m] = fwd[:, m] - np.nanmean(fwd[:, m], axis=1, keepdims=True)
/home/ubuntu/observable-garden/learn2/learner.py:133: RuntimeWarning: Mean of empty slice
  out[:, m] = fwd[:, m] - np.nanmean(fwd[:, m], axis=1, keepdims=True)
/home/ubuntu/observable-garden/learn2/learner.py:133: RuntimeWarning: Mean of empty slice
  out[:, m] = fwd[:, m] - np.nanmean(fwd[:, m], axis=1, keepdims=True)
/home/ubuntu/observable-garden/learn2/learner.py:133: RuntimeWarning: Mean of empty slice
  out[:, m] = fwd[:, m] - np.nanmean(fwd[:, m], axis=1, keepdims=True)
/home/ubuntu/observable-garden/learn2/learner.py:133: RuntimeWarning: Mean of empty slice
  out[:, m] = fwd[:, m] - np.nanmean(fwd[:, m], axis=1, keepdims=True)
/home/ubuntu/observable-garden/learn2/learner.py:133: RuntimeWarning: Mean of empty slice
  out[:, m] = fwd[:, m] - np.nanmean(fwd[:, m], axis=1, keepdims=True)
/home/ubuntu/observable-garden/learn2/learner.py:133: RuntimeWarning: Mean of empty slice
  out[:, m] = fwd[:, m] - np.nanmean(fwd[:, m], axis=1, keepdims=True)
/home/ubuntu/observable-garden/learn2/learner.py:133: RuntimeWarning: Mean of empty slice
  out[:, m] = fwd[:, m] - np.nanmean(fwd[:, m], axis=1, keepdims=True)
/home/ubuntu/observable-garden/learn2/learner.py:133: RuntimeWarning: Mean of empty slice
  out[:, m] = fwd[:, m] - np.nanmean(fwd[:, m], axis=1, keepdims=True)
/home/ubuntu/observable-garden/learn2/learner.py:133: RuntimeWarning: Mean of empty slice
  out[:, m] = fwd[:, m] - np.nanmean(fwd[:, m], axis=1, keepdims=True)
/home/ubuntu/observable-garden/learn2/learner.py:133: RuntimeWarning: Mean of empty slice
  out[:, m] = fwd[:, m] - np.nanmean(fwd[:, m], axis=1, keepdims=True)
/home/ubuntu/observable-garden/learn2/learner.py:133: RuntimeWarning: Mean of empty slice
  out[:, m] = fwd[:, m] - np.nanmean(fwd[:, m], axis=1, keepdims=True)
/home/ubuntu/observable-garden/learn2/learner.py:133: RuntimeWarning: Mean of empty slice
  out[:, m] = fwd[:, m] - np.nanmean(fwd[:, m], axis=1, keepdims=True)
/home/ubuntu/observable-garden/learn2/learner.py:133: RuntimeWarning: Mean of empty slice
  out[:, m] = fwd[:, m] - np.nanmean(fwd[:, m], axis=1, keepdims=True)
/home/ubuntu/observable-garden/learn2/learner.py:133: RuntimeWarning: Mean of empty slice
  out[:, m] = fwd[:, m] - np.nanmean(fwd[:, m], axis=1, keepdims=True)
/home/ubuntu/observable-garden/learn2/learner.py:133: RuntimeWarning: Mean of empty slice
  out[:, m] = fwd[:, m] - np.nanmean(fwd[:, m], axis=1, keepdims=True)
/home/ubuntu/observable-garden/learn2/learner.py:133: RuntimeWarning: Mean of empty slice
  out[:, m] = fwd[:, m] - np.nanmean(fwd[:, m], axis=1, keepdims=True)
/home/ubuntu/observable-garden/learn2/learner.py:133: RuntimeWarning: Mean of empty slice
  out[:, m] = fwd[:, m] - np.nanmean(fwd[:, m], axis=1, keepdims=True)
/home/ubuntu/observable-garden/learn2/learner.py:133: RuntimeWarning: Mean of empty slice
  out[:, m] = fwd[:, m] - np.nanmean(fwd[:, m], axis=1, keepdims=True)
/home/ubuntu/observable-garden/learn2/learner.py:133: RuntimeWarning: Mean of empty slice
  out[:, m] = fwd[:, m] - np.nanmean(fwd[:, m], axis=1, keepdims=True)
/home/ubuntu/observable-garden/learn2/learner.py:133: RuntimeWarning: Mean of empty slice
  out[:, m] = fwd[:, m] - np.nanmean(fwd[:, m], axis=1, keepdims=True)
/home/ubuntu/observable-garden/learn2/learner.py:133: RuntimeWarning: Mean of empty slice
  out[:, m] = fwd[:, m] - np.nanmean(fwd[:, m], axis=1, keepdims=True)
/home/ubuntu/observable-garden/learn2/learner.py:133: RuntimeWarning: Mean of empty slice
  out[:, m] = fwd[:, m] - np.nanmean(fwd[:, m], axis=1, keepdims=True)
/home/ubuntu/observable-garden/learn2/learner.py:133: RuntimeWarning: Mean of empty slice
  out[:, m] = fwd[:, m] - np.nanmean(fwd[:, m], axis=1, keepdims=True)
/home/ubuntu/observable-garden/learn2/learner.py:133: RuntimeWarning: Mean of empty slice
  out[:, m] = fwd[:, m] - np.nanmean(fwd[:, m], axis=1, keepdims=True)
/home/ubuntu/observable-garden/learn2/learner.py:133: RuntimeWarning: Mean of empty slice
  out[:, m] = fwd[:, m] - np.nanmean(fwd[:, m], axis=1, keepdims=True)
/home/ubuntu/observable-garden/learn2/learner.py:133: RuntimeWarning: Mean of empty slice
  out[:, m] = fwd[:, m] - np.nanmean(fwd[:, m], axis=1, keepdims=True)
/home/ubuntu/observable-garden/learn2/learner.py:133: RuntimeWarning: Mean of empty slice
  out[:, m] = fwd[:, m] - np.nanmean(fwd[:, m], axis=1, keepdims=True)
/home/ubuntu/observable-garden/learn2/learner.py:133: RuntimeWarning: Mean of empty slice
  out[:, m] = fwd[:, m] - np.nanmean(fwd[:, m], axis=1, keepdims=True)
/home/ubuntu/observable-garden/learn2/learner.py:133: RuntimeWarning: Mean of empty slice
  out[:, m] = fwd[:, m] - np.nanmean(fwd[:, m], axis=1, keepdims=True)
/home/ubuntu/observable-garden/learn2/learner.py:133: RuntimeWarning: Mean of empty slice
  out[:, m] = fwd[:, m] - np.nanmean(fwd[:, m], axis=1, keepdims=True)
/home/ubuntu/observable-garden/learn2/learner.py:133: RuntimeWarning: Mean of empty slice
  out[:, m] = fwd[:, m] - np.nanmean(fwd[:, m], axis=1, keepdims=True)
/home/ubuntu/observable-garden/learn2/learner.py:133: RuntimeWarning: Mean of empty slice
  out[:, m] = fwd[:, m] - np.nanmean(fwd[:, m], axis=1, keepdims=True)
/home/ubuntu/observable-garden/learn2/learner.py:133: RuntimeWarning: Mean of empty slice
  out[:, m] = fwd[:, m] - np.nanmean(fwd[:, m], axis=1, keepdims=True)
/home/ubuntu/observable-garden/learn2/learner.py:133: RuntimeWarning: Mean of empty slice
  out[:, m] = fwd[:, m] - np.nanmean(fwd[:, m], axis=1, keepdims=True)
/home/ubuntu/observable-garden/learn2/learner.py:133: RuntimeWarning: Mean of empty slice
  out[:, m] = fwd[:, m] - np.nanmean(fwd[:, m], axis=1, keepdims=True)
/home/ubuntu/observable-garden/learn2/learner.py:133: RuntimeWarning: Mean of empty slice
  out[:, m] = fwd[:, m] - np.nanmean(fwd[:, m], axis=1, keepdims=True)
/home/ubuntu/observable-garden/learn2/learner.py:133: RuntimeWarning: Mean of empty slice
  out[:, m] = fwd[:, m] - np.nanmean(fwd[:, m], axis=1, keepdims=True)
/home/ubuntu/observable-garden/learn2/learner.py:133: RuntimeWarning: Mean of empty slice
  out[:, m] = fwd[:, m] - np.nanmean(fwd[:, m], axis=1, keepdims=True)
/home/ubuntu/observable-garden/learn2/learner.py:133: RuntimeWarning: Mean of empty slice
  out[:, m] = fwd[:, m] - np.nanmean(fwd[:, m], axis=1, keepdims=True)
/home/ubuntu/observable-garden/learn2/learner.py:133: RuntimeWarning: Mean of empty slice
  out[:, m] = fwd[:, m] - np.nanmean(fwd[:, m], axis=1, keepdims=True)
/home/ubuntu/observable-garden/learn2/learner.py:133: RuntimeWarning: Mean of empty slice
  out[:, m] = fwd[:, m] - np.nanmean(fwd[:, m], axis=1, keepdims=True)
/home/ubuntu/observable-garden/learn2/learner.py:133: RuntimeWarning: Mean of empty slice
  out[:, m] = fwd[:, m] - np.nanmean(fwd[:, m], axis=1, keepdims=True)
/home/ubuntu/observable-garden/learn2/learner.py:133: RuntimeWarning: Mean of empty slice
  out[:, m] = fwd[:, m] - np.nanmean(fwd[:, m], axis=1, keepdims=True)
/home/ubuntu/observable-garden/learn2/learner.py:133: RuntimeWarning: Mean of empty slice
  out[:, m] = fwd[:, m] - np.nanmean(fwd[:, m], axis=1, keepdims=True)
/home/ubuntu/observable-garden/learn2/learner.py:133: RuntimeWarning: Mean of empty slice
  out[:, m] = fwd[:, m] - np.nanmean(fwd[:, m], axis=1, keepdims=True)
/home/ubuntu/observable-garden/learn2/learner.py:133: RuntimeWarning: Mean of empty slice
  out[:, m] = fwd[:, m] - np.nanmean(fwd[:, m], axis=1, keepdims=True)
/home/ubuntu/observable-garden/learn2/learner.py:133: RuntimeWarning: Mean of empty slice
  out[:, m] = fwd[:, m] - np.nanmean(fwd[:, m], axis=1, keepdims=True)
/home/ubuntu/observable-garden/learn2/learner.py:133: RuntimeWarning: Mean of empty slice
  out[:, m] = fwd[:, m] - np.nanmean(fwd[:, m], axis=1, keepdims=True)
/home/ubuntu/observable-garden/learn2/learner.py:133: RuntimeWarning: Mean of empty slice
  out[:, m] = fwd[:, m] - np.nanmean(fwd[:, m], axis=1, keepdims=True)
/home/ubuntu/observable-garden/learn2/learner.py:133: RuntimeWarning: Mean of empty slice
  out[:, m] = fwd[:, m] - np.nanmean(fwd[:, m], axis=1, keepdims=True)
/home/ubuntu/observable-garden/learn2/learner.py:133: RuntimeWarning: Mean of empty slice
  out[:, m] = fwd[:, m] - np.nanmean(fwd[:, m], axis=1, keepdims=True)
/home/ubuntu/observable-garden/learn2/learner.py:133: RuntimeWarning: Mean of empty slice
  out[:, m] = fwd[:, m] - np.nanmean(fwd[:, m], axis=1, keepdims=True)
/home/ubuntu/observable-garden/learn2/learner.py:133: RuntimeWarning: Mean of empty slice
  out[:, m] = fwd[:, m] - np.nanmean(fwd[:, m], axis=1, keepdims=True)
/home/ubuntu/observable-garden/learn2/learner.py:133: RuntimeWarning: Mean of empty slice
  out[:, m] = fwd[:, m] - np.nanmean(fwd[:, m], axis=1, keepdims=True)
/home/ubuntu/observable-garden/learn2/learner.py:133: RuntimeWarning: Mean of empty slice
  out[:, m] = fwd[:, m] - np.nanmean(fwd[:, m], axis=1, keepdims=True)
/home/ubuntu/observable-garden/learn2/learner.py:133: RuntimeWarning: Mean of empty slice
  out[:, m] = fwd[:, m] - np.nanmean(fwd[:, m], axis=1, keepdims=True)
/home/ubuntu/observable-garden/learn2/learner.py:133: RuntimeWarning: Mean of empty slice
  out[:, m] = fwd[:, m] - np.nanmean(fwd[:, m], axis=1, keepdims=True)
/home/ubuntu/observable-garden/learn2/learner.py:133: RuntimeWarning: Mean of empty slice
  out[:, m] = fwd[:, m] - np.nanmean(fwd[:, m], axis=1, keepdims=True)
/home/ubuntu/observable-garden/learn2/learner.py:133: RuntimeWarning: Mean of empty slice
  out[:, m] = fwd[:, m] - np.nanmean(fwd[:, m], axis=1, keepdims=True)
/home/ubuntu/observable-garden/learn2/learner.py:133: RuntimeWarning: Mean of empty slice
  out[:, m] = fwd[:, m] - np.nanmean(fwd[:, m], axis=1, keepdims=True)
/home/ubuntu/observable-garden/learn2/learner.py:133: RuntimeWarning: Mean of empty slice
  out[:, m] = fwd[:, m] - np.nanmean(fwd[:, m], axis=1, keepdims=True)
/home/ubuntu/observable-garden/learn2/learner.py:133: RuntimeWarning: Mean of empty slice
  out[:, m] = fwd[:, m] - np.nanmean(fwd[:, m], axis=1, keepdims=True)
/home/ubuntu/observable-garden/learn2/learner.py:133: RuntimeWarning: Mean of empty slice
  out[:, m] = fwd[:, m] - np.nanmean(fwd[:, m], axis=1, keepdims=True)
/home/ubuntu/observable-garden/learn2/learner.py:133: RuntimeWarning: Mean of empty slice
  out[:, m] = fwd[:, m] - np.nanmean(fwd[:, m], axis=1, keepdims=True)
/home/ubuntu/observable-garden/learn2/learner.py:133: RuntimeWarning: Mean of empty slice
  out[:, m] = fwd[:, m] - np.nanmean(fwd[:, m], axis=1, keepdims=True)
/home/ubuntu/observable-garden/learn2/learner.py:133: RuntimeWarning: Mean of empty slice
  out[:, m] = fwd[:, m] - np.nanmean(fwd[:, m], axis=1, keepdims=True)
/home/ubuntu/observable-garden/learn2/learner.py:133: RuntimeWarning: Mean of empty slice
  out[:, m] = fwd[:, m] - np.nanmean(fwd[:, m], axis=1, keepdims=True)
/home/ubuntu/observable-garden/learn2/learner.py:133: RuntimeWarning: Mean of empty slice
  out[:, m] = fwd[:, m] - np.nanmean(fwd[:, m], axis=1, keepdims=True)
/home/ubuntu/observable-garden/learn2/learner.py:133: RuntimeWarning: Mean of empty slice
  out[:, m] = fwd[:, m] - np.nanmean(fwd[:, m], axis=1, keepdims=True)
/home/ubuntu/observable-garden/learn2/learner.py:133: RuntimeWarning: Mean of empty slice
  out[:, m] = fwd[:, m] - np.nanmean(fwd[:, m], axis=1, keepdims=True)
/home/ubuntu/observable-garden/learn2/learner.py:133: RuntimeWarning: Mean of empty slice
  out[:, m] = fwd[:, m] - np.nanmean(fwd[:, m], axis=1, keepdims=True)
/home/ubuntu/observable-garden/learn2/learner.py:133: RuntimeWarning: Mean of empty slice
  out[:, m] = fwd[:, m] - np.nanmean(fwd[:, m], axis=1, keepdims=True)
/home/ubuntu/observable-garden/learn2/learner.py:133: RuntimeWarning: Mean of empty slice
  out[:, m] = fwd[:, m] - np.nanmean(fwd[:, m], axis=1, keepdims=True)
/home/ubuntu/observable-garden/learn2/learner.py:133: RuntimeWarning: Mean of empty slice
  out[:, m] = fwd[:, m] - np.nanmean(fwd[:, m], axis=1, keepdims=True)
/home/ubuntu/observable-garden/learn2/learner.py:133: RuntimeWarning: Mean of empty slice
  out[:, m] = fwd[:, m] - np.nanmean(fwd[:, m], axis=1, keepdims=True)
/home/ubuntu/observable-garden/learn2/learner.py:133: RuntimeWarning: Mean of empty slice
  out[:, m] = fwd[:, m] - np.nanmean(fwd[:, m], axis=1, keepdims=True)
/home/ubuntu/observable-garden/learn2/learner.py:133: RuntimeWarning: Mean of empty slice
  out[:, m] = fwd[:, m] - np.nanmean(fwd[:, m], axis=1, keepdims=True)
/home/ubuntu/observable-garden/learn2/learner.py:133: RuntimeWarning: Mean of empty slice
  out[:, m] = fwd[:, m] - np.nanmean(fwd[:, m], axis=1, keepdims=True)
/home/ubuntu/observable-garden/learn2/learner.py:133: RuntimeWarning: Mean of empty slice
  out[:, m] = fwd[:, m] - np.nanmean(fwd[:, m], axis=1, keepdims=True)
/home/ubuntu/observable-garden/learn2/learner.py:133: RuntimeWarning: Mean of empty slice
  out[:, m] = fwd[:, m] - np.nanmean(fwd[:, m], axis=1, keepdims=True)
/home/ubuntu/observable-garden/learn2/learner.py:133: RuntimeWarning: Mean of empty slice
  out[:, m] = fwd[:, m] - np.nanmean(fwd[:, m], axis=1, keepdims=True)
/home/ubuntu/observable-garden/learn2/learner.py:133: RuntimeWarning: Mean of empty slice
  out[:, m] = fwd[:, m] - np.nanmean(fwd[:, m], axis=1, keepdims=True)
/home/ubuntu/observable-garden/learn2/learner.py:133: RuntimeWarning: Mean of empty slice
  out[:, m] = fwd[:, m] - np.nanmean(fwd[:, m], axis=1, keepdims=True)
/home/ubuntu/observable-garden/learn2/learner.py:133: RuntimeWarning: Mean of empty slice
  out[:, m] = fwd[:, m] - np.nanmean(fwd[:, m], axis=1, keepdims=True)
/home/ubuntu/observable-garden/learn2/learner.py:133: RuntimeWarning: Mean of empty slice
  out[:, m] = fwd[:, m] - np.nanmean(fwd[:, m], axis=1, keepdims=True)
/home/ubuntu/observable-garden/learn2/learner.py:133: RuntimeWarning: Mean of empty slice
  out[:, m] = fwd[:, m] - np.nanmean(fwd[:, m], axis=1, keepdims=True)
/home/ubuntu/observable-garden/learn2/learner.py:133: RuntimeWarning: Mean of empty slice
  out[:, m] = fwd[:, m] - np.nanmean(fwd[:, m], axis=1, keepdims=True)
/home/ubuntu/observable-garden/learn2/learner.py:133: RuntimeWarning: Mean of empty slice
  out[:, m] = fwd[:, m] - np.nanmean(fwd[:, m], axis=1, keepdims=True)
/home/ubuntu/observable-garden/learn2/learner.py:133: RuntimeWarning: Mean of empty slice
  out[:, m] = fwd[:, m] - np.nanmean(fwd[:, m], axis=1, keepdims=True)
/home/ubuntu/observable-garden/learn2/learner.py:133: RuntimeWarning: Mean of empty slice
  out[:, m] = fwd[:, m] - np.nanmean(fwd[:, m], axis=1, keepdims=True)
/home/ubuntu/observable-garden/learn2/learner.py:133: RuntimeWarning: Mean of empty slice
  out[:, m] = fwd[:, m] - np.nanmean(fwd[:, m], axis=1, keepdims=True)
/home/ubuntu/observable-garden/learn2/learner.py:133: RuntimeWarning: Mean of empty slice
  out[:, m] = fwd[:, m] - np.nanmean(fwd[:, m], axis=1, keepdims=True)
/home/ubuntu/observable-garden/learn2/learner.py:133: RuntimeWarning: Mean of empty slice
  out[:, m] = fwd[:, m] - np.nanmean(fwd[:, m], axis=1, keepdims=True)
/home/ubuntu/observable-garden/learn2/learner.py:133: RuntimeWarning: Mean of empty slice
  out[:, m] = fwd[:, m] - np.nanmean(fwd[:, m], axis=1, keepdims=True)
/home/ubuntu/observable-garden/learn2/learner.py:133: RuntimeWarning: Mean of empty slice
  out[:, m] = fwd[:, m] - np.nanmean(fwd[:, m], axis=1, keepdims=True)
/home/ubuntu/observable-garden/learn2/learner.py:133: RuntimeWarning: Mean of empty slice
  out[:, m] = fwd[:, m] - np.nanmean(fwd[:, m], axis=1, keepdims=True)
/home/ubuntu/observable-garden/learn2/learner.py:133: RuntimeWarning: Mean of empty slice
  out[:, m] = fwd[:, m] - np.nanmean(fwd[:, m], axis=1, keepdims=True)
/home/ubuntu/observable-garden/learn2/learner.py:133: RuntimeWarning: Mean of empty slice
  out[:, m] = fwd[:, m] - np.nanmean(fwd[:, m], axis=1, keepdims=True)
/home/ubuntu/observable-garden/learn2/learner.py:133: RuntimeWarning: Mean of empty slice
  out[:, m] = fwd[:, m] - np.nanmean(fwd[:, m], axis=1, keepdims=True)
/home/ubuntu/observable-garden/learn2/learner.py:133: RuntimeWarning: Mean of empty slice
  out[:, m] = fwd[:, m] - np.nanmean(fwd[:, m], axis=1, keepdims=True)
/home/ubuntu/observable-garden/learn2/learner.py:133: RuntimeWarning: Mean of empty slice
  out[:, m] = fwd[:, m] - np.nanmean(fwd[:, m], axis=1, keepdims=True)
/home/ubuntu/observable-garden/learn2/learner.py:133: RuntimeWarning: Mean of empty slice
  out[:, m] = fwd[:, m] - np.nanmean(fwd[:, m], axis=1, keepdims=True)
/home/ubuntu/observable-garden/learn2/learner.py:133: RuntimeWarning: Mean of empty slice
  out[:, m] = fwd[:, m] - np.nanmean(fwd[:, m], axis=1, keepdims=True)
/home/ubuntu/observable-garden/learn2/learner.py:133: RuntimeWarning: Mean of empty slice
  out[:, m] = fwd[:, m] - np.nanmean(fwd[:, m], axis=1, keepdims=True)
/home/ubuntu/observable-garden/learn2/learner.py:133: RuntimeWarning: Mean of empty slice
  out[:, m] = fwd[:, m] - np.nanmean(fwd[:, m], axis=1, keepdims=True)
/home/ubuntu/observable-garden/learn2/learner.py:133: RuntimeWarning: Mean of empty slice
  out[:, m] = fwd[:, m] - np.nanmean(fwd[:, m], axis=1, keepdims=True)
/home/ubuntu/observable-garden/learn2/learner.py:133: RuntimeWarning: Mean of empty slice
  out[:, m] = fwd[:, m] - np.nanmean(fwd[:, m], axis=1, keepdims=True)
/home/ubuntu/observable-garden/learn2/learner.py:133: RuntimeWarning: Mean of empty slice
  out[:, m] = fwd[:, m] - np.nanmean(fwd[:, m], axis=1, keepdims=True)
/home/ubuntu/observable-garden/learn2/learner.py:133: RuntimeWarning: Mean of empty slice
  out[:, m] = fwd[:, m] - np.nanmean(fwd[:, m], axis=1, keepdims=True)
/home/ubuntu/observable-garden/learn2/learner.py:133: RuntimeWarning: Mean of empty slice
  out[:, m] = fwd[:, m] - np.nanmean(fwd[:, m], axis=1, keepdims=True)
/home/ubuntu/observable-garden/learn2/learner.py:133: RuntimeWarning: Mean of empty slice
  out[:, m] = fwd[:, m] - np.nanmean(fwd[:, m], axis=1, keepdims=True)
/home/ubuntu/observable-garden/learn2/learner.py:133: RuntimeWarning: Mean of empty slice
  out[:, m] = fwd[:, m] - np.nanmean(fwd[:, m], axis=1, keepdims=True)
/home/ubuntu/observable-garden/learn2/learner.py:133: RuntimeWarning: Mean of empty slice
  out[:, m] = fwd[:, m] - np.nanmean(fwd[:, m], axis=1, keepdims=True)
/home/ubuntu/observable-garden/learn2/learner.py:133: RuntimeWarning: Mean of empty slice
  out[:, m] = fwd[:, m] - np.nanmean(fwd[:, m], axis=1, keepdims=True)
/home/ubuntu/observable-garden/learn2/learner.py:133: RuntimeWarning: Mean of empty slice
  out[:, m] = fwd[:, m] - np.nanmean(fwd[:, m], axis=1, keepdims=True)
/home/ubuntu/observable-garden/learn2/learner.py:133: RuntimeWarning: Mean of empty slice
  out[:, m] = fwd[:, m] - np.nanmean(fwd[:, m], axis=1, keepdims=True)
/home/ubuntu/observable-garden/learn2/learner.py:133: RuntimeWarning: Mean of empty slice
  out[:, m] = fwd[:, m] - np.nanmean(fwd[:, m], axis=1, keepdims=True)
/home/ubuntu/observable-garden/learn2/learner.py:133: RuntimeWarning: Mean of empty slice
  out[:, m] = fwd[:, m] - np.nanmean(fwd[:, m], axis=1, keepdims=True)
/home/ubuntu/observable-garden/learn2/learner.py:133: RuntimeWarning: Mean of empty slice
  out[:, m] = fwd[:, m] - np.nanmean(fwd[:, m], axis=1, keepdims=True)
/home/ubuntu/observable-garden/learn2/learner.py:133: RuntimeWarning: Mean of empty slice
  out[:, m] = fwd[:, m] - np.nanmean(fwd[:, m], axis=1, keepdims=True)
/home/ubuntu/observable-garden/learn2/learner.py:133: RuntimeWarning: Mean of empty slice
  out[:, m] = fwd[:, m] - np.nanmean(fwd[:, m], axis=1, keepdims=True)
/home/ubuntu/observable-garden/learn2/learner.py:133: RuntimeWarning: Mean of empty slice
  out[:, m] = fwd[:, m] - np.nanmean(fwd[:, m], axis=1, keepdims=True)
/home/ubuntu/observable-garden/learn2/learner.py:133: RuntimeWarning: Mean of empty slice
  out[:, m] = fwd[:, m] - np.nanmean(fwd[:, m], axis=1, keepdims=True)
/home/ubuntu/observable-garden/learn2/learner.py:133: RuntimeWarning: Mean of empty slice
  out[:, m] = fwd[:, m] - np.nanmean(fwd[:, m], axis=1, keepdims=True)
/home/ubuntu/observable-garden/learn2/learner.py:133: RuntimeWarning: Mean of empty slice
  out[:, m] = fwd[:, m] - np.nanmean(fwd[:, m], axis=1, keepdims=True)
/home/ubuntu/observable-garden/learn2/learner.py:133: RuntimeWarning: Mean of empty slice
  out[:, m] = fwd[:, m] - np.nanmean(fwd[:, m], axis=1, keepdims=True)
/home/ubuntu/observable-garden/learn2/learner.py:133: RuntimeWarning: Mean of empty slice
  out[:, m] = fwd[:, m] - np.nanmean(fwd[:, m], axis=1, keepdims=True)
/home/ubuntu/observable-garden/learn2/learner.py:133: RuntimeWarning: Mean of empty slice
  out[:, m] = fwd[:, m] - np.nanmean(fwd[:, m], axis=1, keepdims=True)
/home/ubuntu/observable-garden/learn2/learner.py:133: RuntimeWarning: Mean of empty slice
  out[:, m] = fwd[:, m] - np.nanmean(fwd[:, m], axis=1, keepdims=True)
/home/ubuntu/observable-garden/learn2/learner.py:133: RuntimeWarning: Mean of empty slice
  out[:, m] = fwd[:, m] - np.nanmean(fwd[:, m], axis=1, keepdims=True)
/home/ubuntu/observable-garden/learn2/learner.py:133: RuntimeWarning: Mean of empty slice
  out[:, m] = fwd[:, m] - np.nanmean(fwd[:, m], axis=1, keepdims=True)
/home/ubuntu/observable-garden/learn2/learner.py:133: RuntimeWarning: Mean of empty slice
  out[:, m] = fwd[:, m] - np.nanmean(fwd[:, m], axis=1, keepdims=True)
/home/ubuntu/observable-garden/learn2/learner.py:133: RuntimeWarning: Mean of empty slice
  out[:, m] = fwd[:, m] - np.nanmean(fwd[:, m], axis=1, keepdims=True)
/home/ubuntu/observable-garden/learn2/learner.py:133: RuntimeWarning: Mean of empty slice
  out[:, m] = fwd[:, m] - np.nanmean(fwd[:, m], axis=1, keepdims=True)
/home/ubuntu/observable-garden/learn2/learner.py:133: RuntimeWarning: Mean of empty slice
  out[:, m] = fwd[:, m] - np.nanmean(fwd[:, m], axis=1, keepdims=True)
/home/ubuntu/observable-garden/learn2/learner.py:133: RuntimeWarning: Mean of empty slice
  out[:, m] = fwd[:, m] - np.nanmean(fwd[:, m], axis=1, keepdims=True)
/home/ubuntu/observable-garden/learn2/learner.py:133: RuntimeWarning: Mean of empty slice
  out[:, m] = fwd[:, m] - np.nanmean(fwd[:, m], axis=1, keepdims=True)
/home/ubuntu/observable-garden/learn2/learner.py:133: RuntimeWarning: Mean of empty slice
  out[:, m] = fwd[:, m] - np.nanmean(fwd[:, m], axis=1, keepdims=True)
/home/ubuntu/observable-garden/learn2/learner.py:133: RuntimeWarning: Mean of empty slice
  out[:, m] = fwd[:, m] - np.nanmean(fwd[:, m], axis=1, keepdims=True)
/home/ubuntu/observable-garden/learn2/learner.py:133: RuntimeWarning: Mean of empty slice
  out[:, m] = fwd[:, m] - np.nanmean(fwd[:, m], axis=1, keepdims=True)
/home/ubuntu/observable-garden/learn2/learner.py:133: RuntimeWarning: Mean of empty slice
  out[:, m] = fwd[:, m] - np.nanmean(fwd[:, m], axis=1, keepdims=True)
/home/ubuntu/observable-garden/learn2/learner.py:133: RuntimeWarning: Mean of empty slice
  out[:, m] = fwd[:, m] - np.nanmean(fwd[:, m], axis=1, keepdims=True)
/home/ubuntu/observable-garden/learn2/learner.py:133: RuntimeWarning: Mean of empty slice
  out[:, m] = fwd[:, m] - np.nanmean(fwd[:, m], axis=1, keepdims=True)
/home/ubuntu/observable-garden/learn2/learner.py:133: RuntimeWarning: Mean of empty slice
  out[:, m] = fwd[:, m] - np.nanmean(fwd[:, m], axis=1, keepdims=True)
/home/ubuntu/observable-garden/learn2/learner.py:133: RuntimeWarning: Mean of empty slice
  out[:, m] = fwd[:, m] - np.nanmean(fwd[:, m], axis=1, keepdims=True)
/home/ubuntu/observable-garden/learn2/learner.py:133: RuntimeWarning: Mean of empty slice
  out[:, m] = fwd[:, m] - np.nanmean(fwd[:, m], axis=1, keepdims=True)
/home/ubuntu/observable-garden/learn2/learner.py:133: RuntimeWarning: Mean of empty slice
  out[:, m] = fwd[:, m] - np.nanmean(fwd[:, m], axis=1, keepdims=True)
/home/ubuntu/observable-garden/learn2/learner.py:133: RuntimeWarning: Mean of empty slice
  out[:, m] = fwd[:, m] - np.nanmean(fwd[:, m], axis=1, keepdims=True)
/home/ubuntu/observable-garden/learn2/learner.py:133: RuntimeWarning: Mean of empty slice
  out[:, m] = fwd[:, m] - np.nanmean(fwd[:, m], axis=1, keepdims=True)
/home/ubuntu/observable-garden/learn2/learner.py:133: RuntimeWarning: Mean of empty slice
  out[:, m] = fwd[:, m] - np.nanmean(fwd[:, m], axis=1, keepdims=True)
/home/ubuntu/observable-garden/learn2/learner.py:133: RuntimeWarning: Mean of empty slice
  out[:, m] = fwd[:, m] - np.nanmean(fwd[:, m], axis=1, keepdims=True)
/home/ubuntu/observable-garden/learn2/learner.py:133: RuntimeWarning: Mean of empty slice
  out[:, m] = fwd[:, m] - np.nanmean(fwd[:, m], axis=1, keepdims=True)
/home/ubuntu/observable-garden/learn2/learner.py:133: RuntimeWarning: Mean of empty slice
  out[:, m] = fwd[:, m] - np.nanmean(fwd[:, m], axis=1, keepdims=True)
/home/ubuntu/observable-garden/learn2/learner.py:133: RuntimeWarning: Mean of empty slice
  out[:, m] = fwd[:, m] - np.nanmean(fwd[:, m], axis=1, keepdims=True)
1/730 tasks, 2408 s
2/730 tasks, 2409 s
3/730 tasks, 2410 s
4/730 tasks, 2411 s
5/730 tasks, 2414 s
6/730 tasks, 2414 s
7/730 tasks, 2415 s
8/730 tasks, 2415 s
9/730 tasks, 2415 s
10/730 tasks, 2415 s
11/730 tasks, 2417 s
12/730 tasks, 2418 s
13/730 tasks, 2419 s
14/730 tasks, 2419 s
15/730 tasks, 2420 s
16/730 tasks, 2420 s
17/730 tasks, 2420 s
18/730 tasks, 2421 s
19/730 tasks, 2421 s
20/730 tasks, 2421 s
21/730 tasks, 2423 s
22/730 tasks, 2424 s
23/730 tasks, 2424 s
24/730 tasks, 2424 s
25/730 tasks, 2425 s
26/730 tasks, 2425 s
27/730 tasks, 2425 s
28/730 tasks, 2426 s
29/730 tasks, 2427 s
30/730 tasks, 2428 s
31/730 tasks, 2428 s
32/730 tasks, 2429 s
33/730 tasks, 2429 s
34/730 tasks, 2429 s
35/730 tasks, 2429 s
36/730 tasks, 2429 s
37/730 tasks, 2429 s
38/730 tasks, 2430 s
39/730 tasks, 2430 s
40/730 tasks, 2431 s
41/730 tasks, 2431 s
42/730 tasks, 2431 s
43/730 tasks, 2431 s
44/730 tasks, 2431 s
45/730 tasks, 2433 s
46/730 tasks, 2433 s
47/730 tasks, 2433 s
48/730 tasks, 2433 s
49/730 tasks, 2433 s
50/730 tasks, 2433 s
51/730 tasks, 2433 s
52/730 tasks, 2434 s
53/730 tasks, 2434 s
54/730 tasks, 2435 s
55/730 tasks, 2435 s
56/730 tasks, 2436 s
57/730 tasks, 2436 s
58/730 tasks, 2436 s
59/730 tasks, 2436 s
60/730 tasks, 2436 s
61/730 tasks, 2436 s
62/730 tasks, 2437 s
63/730 tasks, 2437 s
64/730 tasks, 2437 s
65/730 tasks, 2437 s
66/730 tasks, 2437 s
67/730 tasks, 2438 s
68/730 tasks, 2438 s
69/730 tasks, 2438 s
70/730 tasks, 2438 s
71/730 tasks, 2438 s
72/730 tasks, 2438 s
73/730 tasks, 2438 s
74/730 tasks, 2438 s
75/730 tasks, 2439 s
76/730 tasks, 2439 s
77/730 tasks, 2439 s
78/730 tasks, 2439 s
79/730 tasks, 2440 s
80/730 tasks, 2440 s
81/730 tasks, 2440 s
82/730 tasks, 2440 s
83/730 tasks, 2440 s
84/730 tasks, 2441 s
85/730 tasks, 2441 s
86/730 tasks, 2442 s
87/730 tasks, 2442 s
88/730 tasks, 2442 s
89/730 tasks, 2442 s
90/730 tasks, 2442 s
91/730 tasks, 2442 s
92/730 tasks, 2442 s
93/730 tasks, 2442 s
94/730 tasks, 2442 s
95/730 tasks, 2443 s
96/730 tasks, 2444 s
97/730 tasks, 2444 s
98/730 tasks, 2444 s
99/730 tasks, 2444 s
100/730 tasks, 2445 s
101/730 tasks, 2445 s
102/730 tasks, 2445 s
103/730 tasks, 2445 s
104/730 tasks, 2445 s
105/730 tasks, 2445 s
106/730 tasks, 2446 s
107/730 tasks, 2446 s
108/730 tasks, 2446 s
109/730 tasks, 2446 s
110/730 tasks, 2446 s
111/730 tasks, 2446 s
112/730 tasks, 2447 s
113/730 tasks, 2447 s
114/730 tasks, 2447 s
115/730 tasks, 2447 s
116/730 tasks, 2448 s
117/730 tasks, 2449 s
118/730 tasks, 2449 s
119/730 tasks, 2449 s
120/730 tasks, 2449 s
121/730 tasks, 2450 s
122/730 tasks, 2450 s
123/730 tasks, 2450 s
124/730 tasks, 2451 s
125/730 tasks, 2451 s
126/730 tasks, 2451 s
127/730 tasks, 2452 s
128/730 tasks, 2452 s
129/730 tasks, 2452 s
130/730 tasks, 2453 s
131/730 tasks, 2453 s
132/730 tasks, 2453 s
133/730 tasks, 2453 s
134/730 tasks, 2454 s
135/730 tasks, 2454 s
136/730 tasks, 2455 s
137/730 tasks, 2455 s
138/730 tasks, 2455 s
139/730 tasks, 2455 s
140/730 tasks, 2456 s
141/730 tasks, 2456 s
142/730 tasks, 2456 s
143/730 tasks, 2456 s
144/730 tasks, 2457 s
145/730 tasks, 2457 s
146/730 tasks, 2457 s
147/730 tasks, 2457 s
148/730 tasks, 2458 s
149/730 tasks, 2458 s
150/730 tasks, 2458 s
151/730 tasks, 2459 s
152/730 tasks, 2459 s
153/730 tasks, 2459 s
154/730 tasks, 2460 s
155/730 tasks, 2460 s
156/730 tasks, 2461 s
157/730 tasks, 2462 s
158/730 tasks, 2462 s
159/730 tasks, 2462 s
160/730 tasks, 2463 s
161/730 tasks, 2463 s
162/730 tasks, 2463 s
163/730 tasks, 2465 s
164/730 tasks, 2467 s
165/730 tasks, 2467 s
166/730 tasks, 2467 s
167/730 tasks, 2468 s
168/730 tasks, 2469 s
169/730 tasks, 2469 s
170/730 tasks, 2470 s
171/730 tasks, 2471 s
172/730 tasks, 2471 s
173/730 tasks, 2472 s
174/730 tasks, 2475 s
175/730 tasks, 2475 s
176/730 tasks, 2477 s
177/730 tasks, 2478 s
178/730 tasks, 2481 s
179/730 tasks, 2487 s
180/730 tasks, 2492 s
181/730 tasks, 4795 s
182/730 tasks, 4798 s
183/730 tasks, 4803 s
184/730 tasks, 4806 s
185/730 tasks, 4807 s
186/730 tasks, 4807 s
187/730 tasks, 4807 s
188/730 tasks, 4812 s
189/730 tasks, 4815 s
190/730 tasks, 4816 s
191/730 tasks, 4818 s
192/730 tasks, 4819 s
193/730 tasks, 4819 s
194/730 tasks, 4825 s
195/730 tasks, 4825 s
196/730 tasks, 4825 s
197/730 tasks, 4825 s
198/730 tasks, 4826 s
199/730 tasks, 4830 s
200/730 tasks, 4834 s
201/730 tasks, 4837 s
202/730 tasks, 4839 s
203/730 tasks, 4840 s
204/730 tasks, 4840 s
205/730 tasks, 4841 s
206/730 tasks, 4841 s
207/730 tasks, 4842 s
208/730 tasks, 4842 s
209/730 tasks, 4844 s
210/730 tasks, 4844 s
211/730 tasks, 4845 s
212/730 tasks, 4845 s
213/730 tasks, 4846 s
214/730 tasks, 4847 s
215/730 tasks, 4848 s
216/730 tasks, 4849 s
217/730 tasks, 4851 s
218/730 tasks, 4852 s
219/730 tasks, 4852 s
220/730 tasks, 4853 s
221/730 tasks, 4855 s
222/730 tasks, 4855 s
223/730 tasks, 4856 s
224/730 tasks, 4856 s
225/730 tasks, 4856 s
226/730 tasks, 4856 s
227/730 tasks, 4856 s
228/730 tasks, 4856 s
229/730 tasks, 4857 s
230/730 tasks, 4859 s
231/730 tasks, 4859 s
232/730 tasks, 4859 s
233/730 tasks, 4860 s
234/730 tasks, 4860 s
235/730 tasks, 4860 s
236/730 tasks, 4860 s
237/730 tasks, 4861 s
238/730 tasks, 4862 s
239/730 tasks, 4862 s
240/730 tasks, 4862 s
241/730 tasks, 4862 s
242/730 tasks, 4863 s
243/730 tasks, 4864 s
244/730 tasks, 4864 s
245/730 tasks, 4865 s
246/730 tasks, 4865 s
247/730 tasks, 4867 s
248/730 tasks, 4869 s
249/730 tasks, 4869 s
250/730 tasks, 4870 s
251/730 tasks, 4871 s
252/730 tasks, 4872 s
253/730 tasks, 4873 s
254/730 tasks, 4874 s
255/730 tasks, 4874 s
256/730 tasks, 4874 s
257/730 tasks, 4876 s
258/730 tasks, 4877 s
259/730 tasks, 4877 s
260/730 tasks, 4877 s
261/730 tasks, 4877 s
262/730 tasks, 4877 s
263/730 tasks, 4878 s
264/730 tasks, 4878 s
265/730 tasks, 4878 s
266/730 tasks, 4878 s
267/730 tasks, 4880 s
268/730 tasks, 4881 s
269/730 tasks, 4882 s
270/730 tasks, 4883 s
271/730 tasks, 4883 s
272/730 tasks, 4885 s
273/730 tasks, 4886 s
274/730 tasks, 4886 s
275/730 tasks, 4887 s
276/730 tasks, 4889 s
277/730 tasks, 4889 s
278/730 tasks, 4899 s
279/730 tasks, 4901 s
280/730 tasks, 4915 s
281/730 tasks, 5101 s
282/730 tasks, 5113 s
283/730 tasks, 5118 s
284/730 tasks, 5122 s
285/730 tasks, 5126 s
286/730 tasks, 5129 s
287/730 tasks, 5130 s
288/730 tasks, 5133 s
289/730 tasks, 5135 s
290/730 tasks, 5136 s
291/730 tasks, 5141 s
292/730 tasks, 5142 s
293/730 tasks, 5143 s
294/730 tasks, 5143 s
295/730 tasks, 5143 s
296/730 tasks, 5146 s
297/730 tasks, 5149 s
298/730 tasks, 5153 s
299/730 tasks, 5154 s
300/730 tasks, 5154 s
301/730 tasks, 5155 s
302/730 tasks, 5156 s
303/730 tasks, 5158 s
304/730 tasks, 5160 s
305/730 tasks, 5162 s
306/730 tasks, 5165 s
307/730 tasks, 5167 s
308/730 tasks, 5168 s
309/730 tasks, 5169 s
310/730 tasks, 5171 s
311/730 tasks, 5171 s
312/730 tasks, 5174 s
313/730 tasks, 5174 s
314/730 tasks, 5174 s
315/730 tasks, 5174 s
316/730 tasks, 5178 s
317/730 tasks, 5179 s
318/730 tasks, 5180 s
319/730 tasks, 5182 s
320/730 tasks, 5182 s
321/730 tasks, 5182 s
322/730 tasks, 5183 s
323/730 tasks, 5184 s
324/730 tasks, 5185 s
325/730 tasks, 5186 s
326/730 tasks, 5187 s
327/730 tasks, 5187 s
328/730 tasks, 5189 s
329/730 tasks, 5189 s
330/730 tasks, 5190 s
331/730 tasks, 5190 s
332/730 tasks, 5190 s
333/730 tasks, 5193 s
334/730 tasks, 5195 s
335/730 tasks, 5195 s
336/730 tasks, 5198 s
337/730 tasks, 5199 s
338/730 tasks, 5200 s
339/730 tasks, 5200 s
340/730 tasks, 5203 s
341/730 tasks, 5205 s
342/730 tasks, 5206 s
343/730 tasks, 5208 s
344/730 tasks, 5212 s
345/730 tasks, 5213 s
346/730 tasks, 5213 s
347/730 tasks, 5215 s
348/730 tasks, 5215 s
349/730 tasks, 5216 s
350/730 tasks, 5217 s
351/730 tasks, 5220 s
352/730 tasks, 5222 s
353/730 tasks, 5224 s
354/730 tasks, 5225 s
355/730 tasks, 5234 s
356/730 tasks, 5236 s
357/730 tasks, 5250 s
358/730 tasks, 5252 s
359/730 tasks, 5257 s
360/730 tasks, 5261 s
361/730 tasks, 5689 s
362/730 tasks, 5693 s
363/730 tasks, 5697 s
364/730 tasks, 5699 s
365/730 tasks, 5705 s
366/730 tasks, 5709 s
367/730 tasks, 5710 s
368/730 tasks, 5711 s
369/730 tasks, 5715 s
370/730 tasks, 5715 s
371/730 tasks, 5716 s
372/730 tasks, 5724 s
373/730 tasks, 5725 s
374/730 tasks, 5730 s
375/730 tasks, 5734 s
376/730 tasks, 5736 s
377/730 tasks, 5738 s
378/730 tasks, 5739 s
379/730 tasks, 5740 s
380/730 tasks, 5742 s
381/730 tasks, 5743 s
382/730 tasks, 5743 s
383/730 tasks, 5744 s
384/730 tasks, 5745 s
385/730 tasks, 5745 s
386/730 tasks, 5746 s
387/730 tasks, 5747 s
388/730 tasks, 5748 s
389/730 tasks, 5748 s
390/730 tasks, 5750 s
391/730 tasks, 5750 s
392/730 tasks, 5750 s
393/730 tasks, 5751 s
394/730 tasks, 5751 s
395/730 tasks, 5752 s
396/730 tasks, 5754 s
397/730 tasks, 5756 s
398/730 tasks, 5756 s
399/730 tasks, 5756 s
400/730 tasks, 5757 s
401/730 tasks, 5757 s
402/730 tasks, 5758 s
403/730 tasks, 5758 s
404/730 tasks, 5758 s
405/730 tasks, 5759 s
406/730 tasks, 5763 s
407/730 tasks, 5763 s
408/730 tasks, 5764 s
409/730 tasks, 5765 s
410/730 tasks, 5766 s
411/730 tasks, 5766 s
412/730 tasks, 5768 s
413/730 tasks, 5768 s
414/730 tasks, 5769 s
415/730 tasks, 5777 s
416/730 tasks, 5779 s
417/730 tasks, 5780 s
418/730 tasks, 5780 s
419/730 tasks, 5781 s
420/730 tasks, 5782 s
421/730 tasks, 5784 s
422/730 tasks, 5786 s
423/730 tasks, 5786 s
424/730 tasks, 5787 s
425/730 tasks, 5789 s
426/730 tasks, 5790 s
427/730 tasks, 5792 s
428/730 tasks, 5795 s
429/730 tasks, 5795 s
430/730 tasks, 5798 s
431/730 tasks, 5799 s
432/730 tasks, 5802 s
433/730 tasks, 5804 s
434/730 tasks, 5804 s
435/730 tasks, 5808 s
436/730 tasks, 5808 s
437/730 tasks, 5811 s
438/730 tasks, 5816 s
439/730 tasks, 5838 s
440/730 tasks, 5845 s
441/730 tasks, 5964 s
442/730 tasks, 5998 s
443/730 tasks, 6004 s
444/730 tasks, 6007 s
445/730 tasks, 6011 s
446/730 tasks, 6012 s
447/730 tasks, 6016 s
448/730 tasks, 6020 s
449/730 tasks, 6021 s
450/730 tasks, 6023 s
451/730 tasks, 6025 s
452/730 tasks, 6025 s
453/730 tasks, 6027 s
454/730 tasks, 6031 s
455/730 tasks, 6034 s
456/730 tasks, 6039 s
457/730 tasks, 6041 s
458/730 tasks, 6041 s
459/730 tasks, 6041 s
460/730 tasks, 6044 s
461/730 tasks, 6045 s
462/730 tasks, 6046 s
463/730 tasks, 6047 s
464/730 tasks, 6049 s
465/730 tasks, 6050 s
466/730 tasks, 6051 s
467/730 tasks, 6052 s
468/730 tasks, 6059 s
469/730 tasks, 6066 s
470/730 tasks, 6068 s
471/730 tasks, 6069 s
472/730 tasks, 6069 s
473/730 tasks, 6070 s
474/730 tasks, 6072 s
475/730 tasks, 6073 s
476/730 tasks, 6073 s
477/730 tasks, 6074 s
478/730 tasks, 6076 s
479/730 tasks, 6080 s
480/730 tasks, 6081 s
481/730 tasks, 6084 s
482/730 tasks, 6084 s
483/730 tasks, 6084 s
484/730 tasks, 6089 s
485/730 tasks, 6091 s
486/730 tasks, 6091 s
487/730 tasks, 6092 s
488/730 tasks, 6092 s
489/730 tasks, 6095 s
490/730 tasks, 6095 s
491/730 tasks, 6095 s
492/730 tasks, 6097 s
493/730 tasks, 6105 s
494/730 tasks, 6105 s
495/730 tasks, 6105 s
496/730 tasks, 6105 s
497/730 tasks, 6105 s
498/730 tasks, 6106 s
499/730 tasks, 6107 s
500/730 tasks, 6107 s
501/730 tasks, 6109 s
502/730 tasks, 6116 s
503/730 tasks, 6119 s
504/730 tasks, 6121 s
505/730 tasks, 6124 s
506/730 tasks, 6127 s
507/730 tasks, 6127 s
508/730 tasks, 6128 s
509/730 tasks, 6128 s
510/730 tasks, 6128 s
511/730 tasks, 6131 s
512/730 tasks, 6131 s
513/730 tasks, 6139 s
514/730 tasks, 6144 s
515/730 tasks, 6151 s
516/730 tasks, 6154 s
517/730 tasks, 6157 s
518/730 tasks, 6163 s
519/730 tasks, 6165 s
520/730 tasks, 6168 s
521/730 tasks, 6550 s
522/730 tasks, 6575 s
523/730 tasks, 6583 s
524/730 tasks, 6599 s
525/730 tasks, 6601 s
526/730 tasks, 6611 s
527/730 tasks, 6612 s
528/730 tasks, 6617 s
529/730 tasks, 6619 s
530/730 tasks, 6621 s
531/730 tasks, 6621 s
532/730 tasks, 6623 s
533/730 tasks, 6624 s
534/730 tasks, 6624 s
535/730 tasks, 6624 s
536/730 tasks, 6625 s
537/730 tasks, 6629 s
538/730 tasks, 6630 s
539/730 tasks, 6634 s
540/730 tasks, 6634 s
541/730 tasks, 6635 s
542/730 tasks, 6636 s
543/730 tasks, 6637 s
544/730 tasks, 6638 s
545/730 tasks, 6639 s
546/730 tasks, 6642 s
547/730 tasks, 6643 s
548/730 tasks, 6643 s
549/730 tasks, 6644 s
550/730 tasks, 6644 s
551/730 tasks, 6650 s
552/730 tasks, 6652 s
553/730 tasks, 6653 s
554/730 tasks, 6653 s
555/730 tasks, 6655 s
556/730 tasks, 6656 s
557/730 tasks, 6658 s
558/730 tasks, 6659 s
559/730 tasks, 6660 s
560/730 tasks, 6661 s
561/730 tasks, 6661 s
562/730 tasks, 6662 s
563/730 tasks, 6664 s
564/730 tasks, 6666 s
565/730 tasks, 6667 s
566/730 tasks, 6669 s
567/730 tasks, 6671 s
568/730 tasks, 6675 s
569/730 tasks, 6678 s
570/730 tasks, 6678 s
571/730 tasks, 6681 s
572/730 tasks, 6685 s
573/730 tasks, 6688 s
574/730 tasks, 6689 s
575/730 tasks, 6689 s
576/730 tasks, 6690 s
577/730 tasks, 6692 s
578/730 tasks, 6696 s
579/730 tasks, 6696 s
580/730 tasks, 6701 s
581/730 tasks, 6701 s
582/730 tasks, 6702 s
583/730 tasks, 6702 s
584/730 tasks, 6702 s
585/730 tasks, 6704 s
586/730 tasks, 6704 s
587/730 tasks, 6706 s
588/730 tasks, 6708 s
589/730 tasks, 6708 s
590/730 tasks, 6709 s
591/730 tasks, 6711 s
592/730 tasks, 6712 s
593/730 tasks, 6717 s
594/730 tasks, 6718 s
595/730 tasks, 6722 s
596/730 tasks, 6724 s
597/730 tasks, 6727 s
598/730 tasks, 6741 s
599/730 tasks, 6752 s
600/730 tasks, 6757 s
601/730 tasks, 6830 s
602/730 tasks, 6833 s
603/730 tasks, 6840 s
604/730 tasks, 6857 s
605/730 tasks, 6863 s
606/730 tasks, 6874 s
607/730 tasks, 6874 s
608/730 tasks, 6875 s
609/730 tasks, 6876 s
610/730 tasks, 6876 s
611/730 tasks, 6877 s
612/730 tasks, 6878 s
613/730 tasks, 6879 s
614/730 tasks, 6880 s
615/730 tasks, 6882 s
616/730 tasks, 6883 s
617/730 tasks, 6886 s
618/730 tasks, 6889 s
619/730 tasks, 6890 s
620/730 tasks, 6891 s
621/730 tasks, 6898 s
622/730 tasks, 6901 s
623/730 tasks, 6902 s
624/730 tasks, 6902 s
625/730 tasks, 6903 s
626/730 tasks, 6905 s
627/730 tasks, 6906 s
628/730 tasks, 6909 s
629/730 tasks, 6910 s
630/730 tasks, 6911 s
631/730 tasks, 6911 s
632/730 tasks, 6913 s
633/730 tasks, 6914 s
634/730 tasks, 6916 s
635/730 tasks, 6918 s
636/730 tasks, 6921 s
637/730 tasks, 6923 s
638/730 tasks, 6924 s
639/730 tasks, 6929 s
640/730 tasks, 6931 s
641/730 tasks, 6932 s
642/730 tasks, 6932 s
643/730 tasks, 6934 s
644/730 tasks, 6935 s
645/730 tasks, 6935 s
646/730 tasks, 6936 s
647/730 tasks, 6939 s
648/730 tasks, 6941 s
649/730 tasks, 6941 s
650/730 tasks, 6942 s
651/730 tasks, 6943 s
652/730 tasks, 6943 s
653/730 tasks, 6944 s
654/730 tasks, 6944 s
655/730 tasks, 6945 s
656/730 tasks, 6947 s
657/730 tasks, 6949 s
658/730 tasks, 6951 s
659/730 tasks, 6956 s
660/730 tasks, 6959 s
661/730 tasks, 6961 s
662/730 tasks, 6961 s
663/730 tasks, 6963 s
664/730 tasks, 6965 s
665/730 tasks, 6965 s
666/730 tasks, 6966 s
667/730 tasks, 6966 s
668/730 tasks, 6970 s
669/730 tasks, 6971 s
670/730 tasks, 6975 s
671/730 tasks, 6976 s
672/730 tasks, 6979 s
673/730 tasks, 6981 s
674/730 tasks, 6985 s
675/730 tasks, 6985 s
676/730 tasks, 6986 s
677/730 tasks, 6986 s
678/730 tasks, 6989 s
679/730 tasks, 6993 s
680/730 tasks, 7014 s
681/730 tasks, 7211 s
682/730 tasks, 7237 s
683/730 tasks, 7262 s
684/730 tasks, 7264 s
685/730 tasks, 7265 s
686/730 tasks, 7268 s
687/730 tasks, 7270 s
688/730 tasks, 7270 s
689/730 tasks, 7270 s
690/730 tasks, 7272 s
691/730 tasks, 7275 s
692/730 tasks, 7278 s
693/730 tasks, 7279 s
694/730 tasks, 7279 s
695/730 tasks, 7282 s
696/730 tasks, 7285 s
697/730 tasks, 7285 s
698/730 tasks, 7285 s
699/730 tasks, 7286 s
700/730 tasks, 7287 s
701/730 tasks, 7290 s
702/730 tasks, 7290 s
703/730 tasks, 7290 s
704/730 tasks, 7292 s
705/730 tasks, 7295 s
706/730 tasks, 7296 s
707/730 tasks, 7300 s
708/730 tasks, 7300 s
709/730 tasks, 7302 s
710/730 tasks, 7315 s
711/730 tasks, 7319 s
712/730 tasks, 7320 s
713/730 tasks, 7322 s
714/730 tasks, 7323 s
715/730 tasks, 7326 s
716/730 tasks, 7328 s
717/730 tasks, 7328 s
718/730 tasks, 7328 s
719/730 tasks, 7338 s
720/730 tasks, 7340 s
721/730 tasks, 7341 s
722/730 tasks, 7343 s
723/730 tasks, 7349 s
724/730 tasks, 7349 s
725/730 tasks, 7349 s
726/730 tasks, 7354 s
727/730 tasks, 7355 s
728/730 tasks, 7361 s
729/730 tasks, 7367 s
730/730 tasks, 7367 s
wall 7369 s; 730 tasks; no outcome printed
[exit 0]
