Date,Adj Close
1993-01-29,24.113256
1993-02-01,24.284765
1993-02-02,24.336210
1993-02-03,24.593464
1993-02-04,24.696369
1993-02-05,24.679224
1993-02-08,24.679224
1993-02-09,24.507715
1993-02-10,24.542019
1993-02-11,24.662064
1993-02-12,24.473419
1993-02-16,23.856001
1993-02-17,23.838858
1993-02-18,23.821695
1993-02-19,23.907455
1993-02-22,23.993208
1993-02-23,23.976063
1993-02-24,24.284765
1993-02-25,24.336210
1993-02-26,24.370508
1993-03-01,24.301908
1993-03-02,24.662064
1993-03-03,24.764956
1993-03-04,24.627779
1993-03-05,24.559168
1993-03-08,25.107973
1993-03-09,25.022221
1993-03-10,25.073675
1993-03-11,25.005077
1993-03-12,24.747810
1993-03-15,24.867876
1993-03-16,24.867876
1993-03-17,24.713524
1993-03-18,24.867876
1993-03-19,24.830238
1993-03-22,24.692392
1993-03-23,24.744087
1993-03-24,24.744087
1993-03-25,24.899166
1993-03-26,24.761311
1993-03-29,24.864697
1993-03-30,24.933620
1993-03-31,24.916399
1993-04-01,24.830238
1993-04-02,24.313299
1993-04-05,24.433922
1993-04-06,24.365002
1993-04-07,24.451151
1993-04-08,24.416689
1993-04-12,24.761311
1993-04-13,24.813009
1993-04-14,24.778545
1993-04-15,24.778545
1993-04-16,24.778545
1993-04-19,24.675156
1993-04-20,24.554543
1993-04-21,24.537313
1993-04-22,24.227142
1993-04-23,24.123755
1993-04-26,23.934204
1993-04-27,24.192684
1993-04-28,24.140989
1993-04-29,24.244379
1993-04-30,24.278843
1993-05-03,24.433922
1993-05-04,24.520081
1993-05-05,24.589008
1993-05-06,24.502853
1993-05-07,24.451151
1993-05-10,24.502853
1993-05-11,24.606230
1993-05-12,24.571764
1993-05-13,24.278843
1993-05-14,24.261608
1993-05-17,24.347752
1993-05-18,24.330530
1993-05-19,24.830238
1993-05-20,24.899166
1993-05-21,24.675156
1993-05-24,24.778545
1993-05-25,24.830238
1993-05-26,25.140396
1993-05-27,25.054253
1993-05-28,24.933620
1993-06-01,25.174870
1993-06-02,25.140396
1993-06-03,25.054253
1993-06-04,24.968081
1993-06-07,24.881924
1993-06-08,24.657930
1993-06-09,24.744087
1993-06-10,24.761311
1993-06-11,24.864697
1993-06-14,24.830238
1993-06-15,24.778545
1993-06-16,24.830238
1993-06-17,24.916399
1993-06-18,24.711214
1993-06-21,24.763271
1993-06-22,24.780617
1993-06-23,24.555025
1993-06-24,24.884741
1993-06-25,24.867392
1993-06-28,25.145029
1993-06-29,25.023582
1993-06-30,25.023582
1993-07-01,24.954161
1993-07-02,24.815308
1993-07-06,24.555025
1993-07-07,24.624447
1993-07-08,24.902086
1993-07-09,24.971510
1993-07-12,24.954161
1993-07-13,24.936802
1993-07-14,25.023582
1993-07-15,24.919455
1993-07-16,24.850039
1993-07-19,24.832691
1993-07-20,24.902086
1993-07-21,24.884741
1993-07-22,24.711214
1993-07-23,24.832691
1993-07-26,24.971510
1993-07-27,24.954161
1993-07-28,24.902086
1993-07-29,25.040916
1993-07-30,24.902086
1993-08-02,24.971510
1993-08-03,24.988861
1993-08-04,24.988861
1993-08-05,24.936802
1993-08-06,24.971510
1993-08-09,25.110331
1993-08-10,25.092978
1993-08-11,25.092978
1993-08-12,25.023582
1993-08-13,25.058266
1993-08-16,25.197105
1993-08-17,25.283865
1993-08-18,25.422705
1993-08-19,25.422705
1993-08-20,25.440046
1993-08-23,25.387997
1993-08-24,25.665636
1993-08-25,25.683001
1993-08-26,25.700346
1993-08-27,25.683001
1993-08-30,25.787121
1993-08-31,25.856525
1993-09-01,25.821827
1993-09-02,25.735060
1993-09-03,25.752415
1993-09-07,25.578867
1993-09-08,25.492119
1993-09-09,25.544186
1993-09-10,25.769770
1993-09-13,25.787121
1993-09-14,25.683001
1993-09-15,25.752415
1993-09-16,25.648293
1993-09-17,25.598564
1993-09-20,25.389019
1993-09-21,25.301716
1993-09-22,25.511242
1993-09-23,25.650948
1993-09-24,25.581100
1993-09-27,25.860483
1993-09-28,25.808102
1993-09-29,25.720798
1993-09-30,25.668413
1993-10-01,25.790651
1993-10-04,25.825560
1993-10-05,25.790651
1993-10-06,25.773176
1993-10-07,25.703329
1993-10-08,25.738237
1993-10-11,25.790651
1993-10-12,25.825560
1993-10-13,25.825560
1993-10-14,26.157330
1993-10-15,26.297018
1993-10-18,26.227179
1993-10-19,26.035088
1993-10-20,26.070023
1993-10-21,26.035088
1993-10-22,25.912884
1993-10-25,25.982710
1993-10-26,25.965252
1993-10-27,25.982710
1993-10-28,26.174791
1993-10-29,26.174791
1993-11-01,26.244627
1993-11-02,26.227179
1993-11-03,25.895412
1993-11-04,25.615997
1993-11-05,25.738237
1993-11-08,25.773176
1993-11-09,25.790651
1993-11-10,25.982710
1993-11-11,25.912884
1993-11-12,26.035088
1993-11-15,26.017632
1993-11-16,26.139872
1993-11-17,26.000153
1993-11-18,25.930344
1993-11-19,25.877945
1993-11-22,25.720798
1993-11-23,25.860483
1993-11-24,25.965252
1993-11-26,25.982710
1993-11-29,25.877945
1993-11-30,25.895412
1993-12-01,25.930344
1993-12-02,26.000153
1993-12-03,26.104950
1993-12-06,26.192255
1993-12-07,26.174791
1993-12-08,26.174791
1993-12-09,26.087492
1993-12-10,26.035088
1993-12-13,26.192255
1993-12-14,26.000153
1993-12-15,25.965252
1993-12-16,26.052570
1993-12-17,26.195730
1993-12-20,26.230904
1993-12-21,26.142994
1993-12-22,26.318811
1993-12-23,26.301218
1993-12-27,26.441870
1993-12-28,26.494621
1993-12-29,26.459457
1993-12-30,26.353968
1993-12-31,26.213306
1994-01-03,26.142994
1994-01-04,26.248476
1994-01-05,26.301218
1994-01-06,26.301218
1994-01-07,26.459457
1994-01-10,26.775919
1994-01-11,26.723169
1994-01-12,26.635262
1994-01-13,26.564943
1994-01-14,26.670429
1994-01-17,26.670429
1994-01-18,26.705597
1994-01-19,26.635262
1994-01-20,26.705597
1994-01-21,26.652836
1994-01-24,26.547367
1994-01-25,26.547367
1994-01-26,26.617685
1994-01-27,26.863821
1994-01-28,26.934147
1994-01-31,27.127512
1994-02-01,26.986887
1994-02-02,27.162693
1994-02-03,27.039623
1994-02-04,26.424284
1994-02-07,26.547367
1994-02-08,26.564943
1994-02-09,26.670429
1994-02-10,26.441870
1994-02-11,26.529772
1994-02-14,26.564943
1994-02-15,26.705597
1994-02-16,26.687996
1994-02-17,26.529772
1994-02-18,26.371553
1994-02-22,26.635262
1994-02-23,26.564943
1994-02-24,26.213306
1994-02-25,26.336388
1994-02-28,26.336388
1994-03-01,26.230904
1994-03-02,26.266064
1994-03-03,26.195730
1994-03-04,26.266064
1994-03-07,26.406710
1994-03-08,26.301218
1994-03-09,26.424284
1994-03-10,26.213306
1994-03-11,26.353968
1994-03-14,26.389122
1994-03-15,26.371553
1994-03-16,26.582516
1994-03-17,26.582516
1994-03-18,26.576715
1994-03-21,26.505991
1994-03-22,26.576715
1994-03-23,26.559040
1994-03-24,26.240772
1994-03-25,25.993204
1994-03-28,26.028568
1994-03-29,25.515762
1994-03-30,25.162138
1994-03-31,25.232876
1994-04-04,24.843857
1994-04-05,25.356640
1994-04-06,25.356640
1994-04-07,25.480413
1994-04-08,25.285889
1994-04-11,25.392010
1994-04-12,25.356640
1994-04-13,25.224018
1994-04-14,25.232876
1994-04-15,25.232876
1994-04-18,25.064873
1994-04-19,25.100227
1994-04-20,25.073725
1994-04-21,25.409687
1994-04-22,25.383142
1994-04-25,25.648390
1994-04-26,25.621876
1994-04-28,25.436209
1994-04-29,25.515762
1994-05-02,25.674913
1994-05-03,25.648390
1994-05-04,25.604187
1994-05-05,25.568813
1994-05-06,25.321266
1994-05-09,25.100227
1994-05-10,25.294743
1994-05-11,25.064873
1994-05-12,25.188656
1994-05-13,25.188656
1994-05-16,25.197485
1994-05-17,25.568813
1994-05-18,25.754496
1994-05-19,25.878277
1994-05-20,25.781027
1994-05-23,25.736805
1994-05-24,25.842896
1994-05-25,25.913626
1994-05-26,25.931316
1994-05-27,25.957834
1994-05-31,25.922470
1994-06-01,26.037403
1994-06-02,26.010885
1994-06-03,26.161186
1994-06-06,26.152344
1994-06-07,26.116991
1994-06-08,25.904787
1994-06-09,26.046255
1994-06-10,26.090460
1994-06-13,26.125822
1994-06-14,26.329151
1994-06-15,26.223076
1994-06-16,26.276131
1994-06-17,26.129450
1994-06-20,25.906960
1994-06-21,25.684456
1994-06-22,25.782375
1994-06-23,25.631073
1994-06-24,25.097088
1994-06-27,25.533176
1994-06-28,25.408585
1994-06-29,25.488678
1994-06-30,25.328493
1994-07-01,25.381876
1994-07-05,25.515360
1994-07-06,25.479784
1994-07-07,25.586588
1994-07-08,25.577682
1994-07-11,25.488678
1994-07-12,25.524284
1994-07-13,25.568768
1994-07-14,25.844662
1994-07-15,25.853565
1994-07-18,25.898069
1994-07-19,25.844662
1994-07-20,25.728970
1994-07-21,25.782375
1994-07-22,25.826860
1994-07-25,25.862463
1994-07-26,25.835764
1994-07-27,25.835764
1994-07-28,25.889156
1994-07-29,26.147255
1994-08-01,26.271851
1994-08-02,26.307449
1994-08-03,26.316349
1994-08-04,26.165056
1994-08-05,26.076054
1994-08-08,26.138353
1994-08-09,26.182854
1994-08-10,26.280746
1994-08-11,26.182854
1994-08-12,26.387543
1994-08-15,26.378645
1994-08-16,26.565535
1994-08-17,26.547741
1994-08-18,26.458731
1994-08-19,26.440935
1994-08-22,26.414261
1994-08-23,26.565535
1994-08-24,26.850340
1994-08-25,26.779123
1994-08-26,27.161812
1994-08-29,27.144018
1994-08-30,27.215208
1994-08-31,27.144018
1994-09-01,27.055019
1994-09-02,26.939327
1994-09-06,26.948221
1994-09-07,26.921526
1994-09-08,27.055019
1994-09-09,26.770220
1994-09-12,26.690128
1994-09-13,26.770220
1994-09-14,26.796926
1994-09-15,27.135117
1994-09-16,26.942007
1994-09-19,26.968864
1994-09-20,26.458500
1994-09-21,26.458500
1994-09-22,26.395815
1994-09-23,26.306292
1994-09-26,26.440582
1994-09-27,26.422680
1994-09-28,26.628609
1994-09-29,26.494303
1994-09-30,26.458500
1994-10-03,26.395815
1994-10-04,26.001860
1994-10-05,26.010809
1994-10-06,25.930225
1994-10-07,26.046616
1994-10-10,26.324190
1994-10-11,26.718170
1994-10-12,26.753975
1994-10-13,26.843510
1994-10-14,26.959911
1994-10-17,26.906195
1994-10-18,26.843510
1994-10-19,26.968864
1994-10-20,26.789780
1994-10-21,26.682333
1994-10-24,26.458500
1994-10-25,26.485365
1994-10-26,26.583851
1994-10-27,26.745016
1994-10-28,27.309116
1994-10-31,27.210608
1994-11-01,26.906195
1994-11-02,26.753975
1994-11-03,26.897240
1994-11-04,26.548016
1994-11-07,26.628609
1994-11-08,26.834568
1994-11-09,26.879326
1994-11-10,26.691288
1994-11-11,26.592802
1994-11-14,26.843510
1994-11-15,26.753975
1994-11-16,26.843510
1994-11-17,26.664427
1994-11-18,26.628609
1994-11-21,26.360020
1994-11-22,25.786963
1994-11-23,25.930225
1994-11-25,26.055582
1994-11-28,26.171970
1994-11-29,26.163031
1994-11-30,26.127216
1994-12-01,25.867554
1994-12-02,26.109314
1994-12-05,26.136154
1994-12-06,26.154070
1994-12-07,25.966032
1994-12-08,25.715338
1994-12-09,25.813833
1994-12-12,25.983944
1994-12-13,26.082436
1994-12-14,26.216749
1994-12-15,26.297323
1994-12-16,26.425774
1994-12-19,26.461880
1994-12-20,26.380646
1994-12-21,26.660437
1994-12-22,26.579199
1994-12-23,26.606285
1994-12-27,26.750685
1994-12-28,26.615301
1994-12-29,26.633362
1994-12-30,26.317484
1995-01-03,26.443827
1995-01-04,26.570190
1995-01-05,26.570190
1995-01-06,26.597256
1995-01-09,26.624319
1995-01-10,26.651405
1995-01-11,26.669462
1995-01-12,26.678488
1995-01-13,26.994358
1995-01-16,27.156820
1995-01-17,27.165833
1995-01-18,27.138781
1995-01-19,26.985346
1995-01-20,26.886051
1995-01-23,26.967299
1995-01-24,27.003376
1995-01-25,27.075600
1995-01-26,27.102667
1995-01-27,27.210955
1995-01-30,27.093647
1995-01-31,27.201937
1995-02-01,27.192911
1995-02-02,27.355387
1995-02-03,27.743441
1995-02-06,27.860771
1995-02-07,27.896893
1995-02-08,27.896893
1995-02-09,27.896893
1995-02-10,27.932974
1995-02-13,27.942001
1995-02-14,27.978125
1995-02-15,28.131536
1995-02-16,28.095444
1995-02-17,27.987133
1995-02-21,27.978125
1995-02-22,28.185678
1995-02-23,28.230808
1995-02-24,28.303013
1995-02-27,28.077381
1995-02-28,28.312056
1995-03-01,28.131536
1995-03-02,28.167646
1995-03-03,28.176662
1995-03-06,28.194704
1995-03-07,27.978125
1995-03-08,28.050312
1995-03-09,28.041283
1995-03-10,28.456446
1995-03-13,28.429367
1995-03-14,28.636944
1995-03-15,28.582806
1995-03-16,28.754278
1995-03-17,28.782883
1995-03-20,28.782883
1995-03-21,28.710289
1995-03-22,28.737509
1995-03-23,28.755644
1995-03-24,29.163969
1995-03-27,29.281956
1995-03-28,29.281956
1995-03-29,29.272867
1995-03-30,29.218428
1995-03-31,29.100468
1995-04-03,29.173071
1995-04-04,29.363607
1995-04-05,29.363607
1995-04-06,29.472500
1995-04-07,29.445286
1995-04-10,29.499737
1995-04-11,29.399906
1995-04-12,29.499737
1995-04-13,29.663059
1995-04-17,29.490656
1995-04-18,29.390837
1995-04-19,29.363607
1995-04-20,29.408985
1995-04-21,29.554169
1995-04-24,29.898991
1995-04-25,29.817308
1995-04-26,29.844524
1995-04-27,29.917128
1995-04-28,29.962498
1995-05-01,29.880836
1995-05-02,29.944345
1995-05-03,30.361771
1995-05-04,30.343611
1995-05-05,30.307306
1995-05-08,30.525099
1995-05-09,30.497881
1995-05-10,30.534161
1995-05-11,30.615843
1995-05-12,30.633982
1995-05-15,30.779184
1995-05-16,30.797316
1995-05-17,30.679361
1995-05-18,30.234728
1995-05-19,30.252878
1995-05-22,30.588619
1995-05-23,30.869917
1995-05-24,30.851753
1995-05-25,30.878946
1995-05-26,30.525099
1995-05-30,30.516014
1995-05-31,31.151209
1995-06-01,31.069527
1995-06-02,31.096762
1995-06-05,31.287323
1995-06-06,31.232864
1995-06-07,31.069527
1995-06-08,30.996952
1995-06-09,30.815462
1995-06-12,30.987864
1995-06-13,31.323606
1995-06-14,31.296389
1995-06-15,31.432505
1995-06-16,31.525831
1995-06-19,31.881762
1995-06-20,31.799641
1995-06-21,31.781387
1995-06-22,32.201233
1995-06-23,32.137356
1995-06-26,31.753986
1995-06-27,31.690102
1995-06-28,31.854397
1995-06-29,31.799641
1995-06-30,31.781387
1995-07-03,31.900036
1995-07-05,32.018688
1995-07-06,32.429413
1995-07-07,32.575470
1995-07-10,32.593704
1995-07-11,32.438534
1995-07-12,32.840160
1995-07-13,32.767120
1995-07-14,32.739746
1995-07-17,32.922314
1995-07-18,32.639359
1995-07-19,32.283371
1995-07-20,32.402031
1995-07-21,32.365555
1995-07-24,32.602848
1995-07-25,32.849274
1995-07-26,32.821903
1995-07-27,33.095726
1995-07-28,32.885799
1995-07-31,32.803646
1995-08-01,32.748882
1995-08-02,32.675854
1995-08-03,32.666733
1995-08-04,32.703228
1995-08-07,32.776272
1995-08-08,32.776272
1995-08-09,32.767120
1995-08-10,32.694111
1995-08-11,32.511581
1995-08-14,32.803646
1995-08-15,32.739746
1995-08-16,32.831028
1995-08-17,32.776272
1995-08-18,32.812767
1995-08-21,32.721512
1995-08-22,32.785389
1995-08-23,32.666733
1995-08-24,32.703228
1995-08-25,32.885799
1995-08-28,32.767120
1995-08-29,32.849274
1995-08-30,32.922314
1995-08-31,32.949692
1995-09-01,33.095726
1995-09-05,33.406044
1995-09-06,33.469948
1995-09-07,33.488201
1995-09-08,33.615974
1995-09-11,33.707245
1995-09-12,33.862408
1995-09-13,34.017574
1995-09-14,34.327915
1995-09-15,34.318447
1995-09-18,34.189972
1995-09-19,34.355141
1995-09-20,34.520302
1995-09-21,34.235844
1995-09-22,34.245026
1995-09-25,34.189972
1995-09-26,34.180801
1995-09-27,34.153259
1995-09-28,34.410206
1995-09-29,34.345966
1995-10-02,34.171623
1995-10-03,34.208324
1995-10-04,34.171623
1995-10-05,34.272549
1995-10-06,34.300098
1995-10-09,34.015621
1995-10-10,33.997276
1995-10-11,34.107388
1995-10-12,34.318447
1995-10-13,34.428555
1995-10-16,34.263355
1995-10-17,34.492767
1995-10-18,34.593723
1995-10-19,34.758915
1995-10-20,34.547821
1995-10-23,34.474445
1995-10-24,34.511154
1995-10-25,34.226677
1995-10-26,33.914677
1995-10-27,34.171623
1995-10-30,34.391830
1995-10-31,34.245026
1995-11-01,34.520302
1995-11-02,34.740532
1995-11-03,34.786423
1995-11-06,34.667133
1995-11-07,34.538658
1995-11-08,34.850670
1995-11-09,34.979111
1995-11-10,34.960773
1995-11-13,34.924057
1995-11-14,34.694656
1995-11-15,35.043343
1995-11-16,35.236053
1995-11-17,35.346157
1995-11-20,35.162636
1995-11-21,35.447083
1995-11-22,35.336983
1995-11-24,35.428753
1995-11-27,35.437920
1995-11-28,35.814125
1995-11-29,35.850838
1995-11-30,35.768242
1995-12-01,35.814125
1995-12-04,36.254593
1995-12-05,36.493164
1995-12-06,36.575726
1995-12-07,36.383034
1995-12-08,36.502323
1995-12-11,36.658333
1995-12-12,36.548206
1995-12-13,36.777611
1995-12-14,36.511520
1995-12-15,36.524864
1995-12-18,35.823196
1995-12-19,36.201752
1995-12-20,35.850872
1995-12-21,36.035542
1995-12-22,36.164818
1995-12-26,36.340225
1995-12-27,36.321758
1995-12-28,36.284813
1995-12-29,36.330986
1996-01-02,36.718769
1996-01-03,36.820343
1996-01-04,36.469490
1996-01-05,36.395630
1996-01-08,36.534119
1996-01-09,35.906269
1996-01-10,35.435417
1996-01-11,35.647774
1996-01-12,35.592381
1996-01-15,35.518509
1996-01-16,35.952446
1996-01-17,35.841640
1996-01-18,35.961681
1996-01-19,36.201752
1996-01-22,36.210957
1996-01-23,36.294060
1996-01-24,36.589531
1996-01-25,36.460251
1996-01-26,36.774170
1996-01-29,36.921902
1996-01-30,37.235817
1996-01-31,37.623569
1996-02-01,37.762077
1996-02-02,37.605103
1996-02-05,37.909790
1996-02-06,38.269878
1996-02-07,38.491467
1996-02-08,38.906937
1996-02-09,38.897713
1996-02-12,39.193165
1996-02-13,39.110065
1996-02-14,38.768444
1996-02-15,38.528404
1996-02-16,38.371437
1996-02-20,37.992905
1996-02-21,38.463772
1996-02-22,39.073124
1996-02-23,38.962349
1996-02-26,38.408371
1996-02-27,38.288357
1996-02-28,38.112919
1996-02-29,37.743614
1996-03-01,38.343735
1996-03-04,38.565327
1996-03-05,38.925419
1996-03-06,38.583801
1996-03-07,38.777699
1996-03-08,37.522030
1996-03-11,37.955963
1996-03-12,37.660534
1996-03-13,37.919041
1996-03-14,38.085232
1996-03-15,38.059631
1996-03-18,38.792282
1996-03-19,38.708813
1996-03-20,38.662403
1996-03-21,38.569695
1996-03-22,38.671715
1996-03-25,38.597504
1996-03-26,38.782982
1996-03-27,38.430580
1996-03-28,38.578964
1996-03-29,38.393505
1996-04-01,38.838612
1996-04-02,38.912819
1996-04-03,38.912819
1996-04-04,38.885010
1996-04-08,38.217289
1996-04-09,38.068901
1996-04-10,37.391911
1996-04-11,37.345551
1996-04-12,37.818508
1996-04-15,38.133823
1996-04-16,38.245113
1996-04-17,38.152370
1996-04-18,38.208004
1996-04-19,38.300747
1996-04-22,38.597504
1996-04-23,38.718060
1996-04-24,38.578964
1996-04-25,38.755150
1996-04-26,38.838612
1996-04-29,38.838612
1996-04-30,38.810806
1996-05-01,38.894287
1996-05-02,38.226562
1996-05-03,38.170914
1996-05-06,38.133823
1996-05-07,37.976173
1996-05-08,38.449142
1996-05-09,38.421314
1996-05-10,38.801525
1996-05-13,39.385769
1996-05-14,39.626911
1996-05-15,39.580536
1996-05-16,39.663998
1996-05-17,39.877277
1996-05-20,40.146240
1996-05-21,40.090599
1996-05-22,40.470806
1996-05-23,40.303890
1996-05-24,40.461544
1996-05-28,40.053493
1996-05-29,39.784565
1996-05-30,39.988594
1996-05-31,39.691818
1996-06-03,39.803104
1996-06-04,40.081318
1996-06-05,40.433716
1996-06-06,40.136963
1996-06-07,40.136963
1996-06-10,40.007118
1996-06-11,39.970016
1996-06-12,39.895832
1996-06-13,39.895832
1996-06-14,39.728882
1996-06-17,39.701092
1996-06-18,39.376499
1996-06-19,39.552719
1996-06-20,39.524887
1996-06-21,39.864834
1996-06-24,39.939442
1996-06-25,39.892815
1996-06-26,39.622433
1996-06-27,39.902142
1996-06-28,40.041977
1996-07-01,40.386921
1996-07-02,40.237759
1996-07-03,40.153862
1996-07-05,39.128338
1996-07-08,38.969833
1996-07-09,39.128338
1996-07-10,39.286808
1996-07-11,38.494377
1996-07-12,38.522335
1996-07-15,37.384933
1996-07-16,37.478168
1996-07-17,37.925678
1996-07-18,38.447754
1996-07-19,38.168056
1996-07-22,37.888397
1996-07-23,37.403591
1996-07-24,37.478168
1996-07-25,37.813801
1996-07-26,38.018902
1996-07-29,37.599380
1996-07-30,37.962959
1996-07-31,38.242649
1996-08-01,38.876614
1996-08-02,39.715683
1996-08-05,39.482616
1996-08-06,39.603806
1996-08-07,39.706348
1996-08-08,39.641087
1996-08-09,39.510559
1996-08-12,39.799591
1996-08-13,39.482616
1996-08-14,39.622433
1996-08-15,39.547855
1996-08-16,39.883492
1996-08-19,39.902142
1996-08-20,39.874168
1996-08-21,39.734329
1996-08-22,40.107235
1996-08-23,39.892815
1996-08-26,39.697025
1996-08-27,39.846188
1996-08-28,39.780933
1996-08-29,39.389374
1996-08-30,38.979156
1996-09-03,39.230877
1996-09-04,39.268166
1996-09-05,38.792709
1996-09-06,39.342762
1996-09-09,39.808914
1996-09-10,39.790257
1996-09-11,40.014027
1996-09-12,40.293686
1996-09-13,40.908993
1996-09-16,41.058178
1996-09-17,40.964947
1996-09-18,40.862381
1996-09-19,41.020889
1996-09-20,41.166389
1996-09-23,41.157040
1996-09-24,41.147652
1996-09-25,41.175770
1996-09-26,41.157040
1996-09-27,41.194511
1996-09-30,41.157040
1996-10-01,41.381920
1996-10-02,41.663063
1996-10-03,41.625561
1996-10-04,42.187828
1996-10-07,42.234692
1996-10-08,42.066021
1996-10-09,41.738014
1996-10-10,41.653694
1996-10-11,42.169094
1996-10-14,42.225323
1996-10-15,42.169094
1996-10-16,42.375233
1996-10-17,42.487701
1996-10-18,42.712589
1996-10-21,42.656380
1996-10-22,42.356483
1996-10-23,42.497047
1996-10-24,42.131577
1996-10-25,42.169094
1996-10-28,41.887947
1996-10-29,42.225323
1996-10-30,42.084736
1996-10-31,42.487701
1996-11-01,42.337761
1996-11-04,42.618885
1996-11-05,42.862526
1996-11-06,43.687172
1996-11-07,43.790245
1996-11-08,44.033875
1996-11-11,43.987045
1996-11-12,43.855858
1996-11-13,44.052631
1996-11-14,44.343117
1996-11-15,44.399345
1996-11-18,44.408718
1996-11-19,44.727348
1996-11-20,44.802326
1996-11-21,44.736721
1996-11-22,45.083435
1996-11-25,45.655048
1996-11-26,45.505142
1996-11-27,45.420769
1996-11-29,45.589451
1996-12-02,45.608212
1996-12-03,44.830425
1996-12-04,44.952244
1996-12-05,44.830425
1996-12-06,44.568024
1996-12-09,45.223995
1996-12-10,45.008476
1996-12-11,44.596157
1996-12-12,43.855858
1996-12-13,43.968307
1996-12-16,43.406048
1996-12-17,43.752769
1996-12-18,44.099480
1996-12-19,45.008476
1996-12-20,45.107243
1996-12-23,44.994221
1996-12-24,45.323818
1996-12-26,45.672260
1996-12-27,45.728767
1996-12-30,45.333237
1996-12-31,44.504528
1997-01-02,44.617538
1997-01-03,45.257919
1997-01-06,44.862396
1997-01-07,45.408585
1997-01-08,45.013065
1997-01-09,45.389763
1997-01-10,45.879414
1997-01-13,45.813492
1997-01-14,46.387928
1997-01-15,46.274948
1997-01-16,46.463264
1997-01-17,46.745770
1997-01-20,46.802265
1997-01-21,47.178974
1997-01-22,47.518005
1997-01-23,46.858780
1997-01-24,46.256119
1997-01-27,46.124271
1997-01-28,46.256119
1997-01-29,46.708115
1997-01-30,47.310802
1997-01-31,47.254299
1997-02-03,47.395550
1997-02-04,47.687473
1997-02-05,46.792866
1997-02-06,47.103603
1997-02-07,47.743973
1997-02-10,47.291996
1997-02-11,47.838135
1997-02-12,48.516186
1997-02-13,49.043518
1997-02-14,48.930489
1997-02-18,49.344868
1997-02-19,49.015285
1997-02-20,48.421986
1997-02-21,48.440819
1997-02-24,49.015285
1997-02-25,49.052940
1997-02-26,48.572693
1997-02-27,47.847557
1997-02-28,47.706306
1997-03-03,48.026508
1997-03-04,47.762814
1997-03-05,48.572693
1997-03-06,48.290173
1997-03-07,48.723331
1997-03-10,49.231857
1997-03-11,48.968197
1997-03-12,48.535023
1997-03-13,47.781635
1997-03-14,48.026508
1997-03-17,48.158329
1997-03-18,47.640388
1997-03-19,47.480297
1997-03-20,47.235481
1997-03-21,47.454166
1997-03-24,48.115898
1997-03-25,47.643223
1997-03-26,47.851215
1997-03-27,46.584499
1997-03-31,45.601364
1997-04-01,45.894424
1997-04-02,45.071995
1997-04-03,45.317787
1997-04-04,45.884956
1997-04-07,46.064564
1997-04-08,46.395432
1997-04-09,46.017307
1997-04-10,45.847145
1997-04-11,44.391376
1997-04-14,44.986919
1997-04-15,45.752621
1997-04-16,46.281975
1997-04-17,46.092937
1997-04-18,46.319820
1997-04-21,46.017307
1997-04-22,47.028790
1997-04-23,47.076050
1997-04-24,46.839710
1997-04-25,46.300915
1997-04-28,46.754662
1997-04-29,48.229294
1997-04-30,48.456177
1997-05-01,48.399490
1997-05-02,49.269135
1997-05-05,50.441303
1997-05-06,50.403511
1997-05-07,49.306976
1997-05-08,49.647278
1997-05-09,49.987579
1997-05-12,50.819447
1997-05-13,50.611469
1997-05-14,50.706039
1997-05-15,51.046310
1997-05-16,50.346806
1997-05-19,50.498039
1997-05-20,51.103054
1997-05-21,50.989590
1997-05-22,50.819447
1997-05-23,51.292107
1997-05-27,51.500027
1997-05-28,51.490601
1997-05-29,51.188076
1997-05-30,51.518978
1997-06-02,51.292107
1997-06-03,51.121918
1997-06-04,51.065228
1997-06-05,51.254265
1997-06-06,52.256279
1997-06-09,52.521000
1997-06-10,52.681671
1997-06-11,52.804585
1997-06-12,53.825508
1997-06-13,54.279247
1997-06-16,54.298153
1997-06-17,54.222519
1997-06-18,54.033482
1997-06-19,54.591202
1997-06-20,54.405228
1997-06-23,53.086117
1997-06-24,54.433655
1997-06-25,54.054073
1997-06-26,53.788372
1997-06-27,53.997120
1997-06-30,53.636513
1997-07-01,54.262852
1997-07-02,55.154884
1997-07-03,55.914066
1997-07-07,55.344704
1997-07-08,55.923584
1997-07-09,55.306744
1997-07-10,55.553474
1997-07-11,55.743282
1997-07-14,55.914066
1997-07-15,56.198807
1997-07-16,56.938976
1997-07-17,56.654278
1997-07-18,55.449066
1997-07-21,55.458557
1997-07-22,56.929474
1997-07-23,56.882050
1997-07-24,57.147755
1997-07-25,57.109806
1997-07-28,57.071846
1997-07-29,57.261631
1997-07-30,57.944904
1997-07-31,57.887970
1997-08-01,57.660194
1997-08-04,57.812073
1997-08-05,57.849995
1997-08-06,58.324505
1997-08-07,57.887970
1997-08-08,56.711227
1997-08-11,57.128777
1997-08-12,56.217766
1997-08-13,56.046944
1997-08-14,56.255711
1997-08-15,54.528580
1997-08-18,55.743282
1997-08-19,56.388557
1997-08-20,57.242653
1997-08-21,56.236729
1997-08-22,56.217766
1997-08-25,56.008957
1997-08-26,55.183365
1997-08-27,55.515518
1997-08-28,54.670929
1997-08-29,54.889164
1997-09-02,56.673271
1997-09-03,56.369598
1997-09-04,56.730217
1997-09-05,56.568848
1997-09-08,56.815578
1997-09-09,56.844093
1997-09-10,55.667339
1997-09-11,55.382629
1997-09-12,56.274681
1997-09-15,56.179813
1997-09-16,57.584301
1997-09-17,57.584301
1997-09-18,57.831028
1997-09-19,57.928886
1997-09-22,58.252716
1997-09-23,57.986015
1997-09-24,57.509754
1997-09-25,57.109753
1997-09-26,57.585987
1997-09-29,58.138409
1997-09-30,57.528828
1997-10-01,58.290775
1997-10-02,58.614635
1997-10-03,58.909893
1997-10-06,59.300430
1997-10-07,59.852814
1997-10-08,59.433762
1997-10-09,59.224194
1997-10-10,59.052761
1997-10-13,59.109901
1997-10-14,59.128960
1997-10-15,58.995625
1997-10-16,58.062199
1997-10-17,57.471676
1997-10-20,58.290775
1997-10-21,59.424229
1997-10-22,59.033733
1997-10-23,57.871700
1997-10-24,57.300240
1997-10-27,53.147488
1997-10-28,56.214401
1997-10-29,56.062035
1997-10-30,54.823833
1997-10-31,56.119167
1997-11-03,57.300240
1997-11-04,57.300240
1997-11-05,57.490730
1997-11-06,57.271641
1997-11-07,56.652523
1997-11-10,56.309666
1997-11-11,56.328720
1997-11-12,55.166702
1997-11-13,55.966774
1997-11-14,56.728741
1997-11-17,57.776485
1997-11-18,57.414509
1997-11-19,57.700264
1997-11-20,58.576530
1997-11-21,58.976570
1997-11-24,57.909832
1997-11-25,58.062199
1997-11-26,58.233650
1997-11-28,58.290775
1997-12-01,59.795692
1997-12-02,59.433762
1997-12-03,59.605202
1997-12-04,59.548061
1997-12-05,60.310059
1997-12-08,60.138569
1997-12-09,59.776623
1997-12-10,59.262325
1997-12-11,58.252716
1997-12-12,58.367001
1997-12-15,58.957527
1997-12-16,59.319462
1997-12-17,59.014679
1997-12-18,58.443195
1997-12-19,58.006401
1997-12-22,58.379318
1997-12-23,57.337002
1997-12-24,57.164902
1997-12-26,57.394375
1997-12-29,58.522743
1997-12-30,59.440762
1997-12-31,59.402500
1998-01-02,59.708515
1998-01-05,59.842407
1998-01-06,58.886112
1998-01-07,59.039139
1998-01-08,58.522743
1998-01-09,56.495476
1998-01-12,57.528244
1998-01-13,58.331505
1998-01-14,58.599270
1998-01-15,58.111588
1998-01-16,58.943516
1998-01-20,59.899761
1998-01-21,59.326023
1998-01-22,58.800045
1998-01-23,58.714016
1998-01-26,58.675747
1998-01-27,59.268650
1998-01-28,59.804127
1998-01-29,60.129265
1998-01-30,60.167484
1998-02-02,61.162014
1998-02-03,61.621014
1998-02-04,61.544502
1998-02-05,61.506260
1998-02-06,62.194771
1998-02-09,61.984386
1998-02-10,62.577255
1998-02-11,62.519882
1998-02-12,62.787655
1998-02-13,62.424267
1998-02-17,62.730278
1998-02-18,63.304016
1998-02-19,62.969303
1998-02-20,63.437923
1998-02-23,63.686531
1998-02-24,63.189251
1998-02-25,63.973396
1998-02-26,64.336777
1998-02-27,64.336777
1998-03-02,64.202873
1998-03-03,64.566284
1998-03-04,64.145523
1998-03-05,63.552662
1998-03-06,64.834023
1998-03-09,64.604515
1998-03-10,65.216515
1998-03-11,65.522537
1998-03-12,65.790276
1998-03-13,65.541634
1998-03-16,66.249313
1998-03-17,66.440544
1998-03-18,66.689148
1998-03-19,66.861290
1998-03-20,67.437012
1998-03-23,67.283554
1998-03-24,67.858948
1998-03-25,67.609604
1998-03-26,67.571259
1998-03-27,67.283554
1998-03-30,67.245178
1998-03-31,67.475388
1998-04-01,68.021957
1998-04-02,68.760437
1998-04-03,69.105637
1998-04-06,68.549431
1998-04-07,68.089104
1998-04-08,67.705544
1998-04-09,68.242569
1998-04-13,68.050751
1998-04-14,68.626152
1998-04-15,68.817993
1998-04-16,68.012405
1998-04-17,68.913841
1998-04-20,68.894684
1998-04-21,69.220772
1998-04-22,69.412544
1998-04-23,68.741257
1998-04-24,68.012405
1998-04-27,66.727341
1998-04-28,66.631439
1998-04-29,67.091782
1998-04-30,68.338478
1998-05-01,69.105637
1998-05-04,68.933052
1998-05-05,68.453514
1998-05-06,67.648003
1998-05-07,67.110970
1998-05-08,68.204193
1998-05-11,67.974037
1998-05-12,68.702904
1998-05-13,68.875511
1998-05-14,68.530235
1998-05-15,68.146667
1998-05-18,67.878151
1998-05-19,68.338478
1998-05-20,68.990593
1998-05-21,68.549431
1998-05-22,68.280907
1998-05-26,67.187645
1998-05-27,67.283554
1998-05-28,67.590431
1998-05-29,66.919136
1998-06-01,67.226036
1998-06-02,67.283554
1998-06-03,66.209473
1998-06-04,67.437012
1998-06-05,68.741257
1998-06-08,68.664528
1998-06-09,68.875511
1998-06-10,68.434372
1998-06-11,67.149292
1998-06-12,67.782234
1998-06-15,65.998512
1998-06-16,67.015076
1998-06-17,68.415184
1998-06-18,68.108284
1998-06-19,67.767067
1998-06-22,68.094154
1998-06-23,68.902245
1998-06-24,69.825829
1998-06-25,69.710373
1998-06-26,69.998978
1998-06-29,70.249138
1998-06-30,69.768082
1998-07-01,70.576248
1998-07-02,70.710938
1998-07-06,71.422867
1998-07-07,71.288155
1998-07-08,71.807648
1998-07-09,71.326637
1998-07-10,71.711441
1998-07-13,71.730682
1998-07-14,72.538826
1998-07-15,72.404137
1998-07-16,72.904404
1998-07-17,73.000603
1998-07-20,73.000603
1998-07-21,71.730682
1998-07-22,71.730682
1998-07-23,70.306862
1998-07-24,70.249138
1998-07-27,70.749435
1998-07-28,69.556480
1998-07-29,69.287033
1998-07-30,70.326080
1998-07-31,68.825294
1998-08-03,68.536667
1998-08-04,65.881424
1998-08-05,66.785744
1998-08-06,67.074364
1998-08-07,67.189819
1998-08-10,66.805000
1998-08-11,65.804474
1998-08-12,66.920433
1998-08-13,66.112328
1998-08-14,65.342644
1998-08-17,66.728035
1998-08-18,67.959442
1998-08-19,67.786263
1998-08-20,67.382195
1998-08-21,66.843483
1998-08-24,67.266785
1998-08-25,67.420723
1998-08-26,67.035843
1998-08-27,63.880318
1998-08-28,63.649426
1998-08-31,59.108562
1998-09-01,61.609913
1998-09-02,61.167343
1998-09-03,60.686337
1998-09-04,60.186035
1998-09-08,63.418560
1998-09-09,61.879280
1998-09-10,60.647827
1998-09-11,62.610455
1998-09-14,63.687908
1998-09-15,64.072754
1998-09-16,64.649986
1998-09-17,62.802837
1998-09-18,63.082581
1998-09-21,63.043957
1998-09-22,63.565296
1998-09-23,66.114128
1998-09-24,64.492142
1998-09-25,64.414925
1998-09-28,64.994179
1998-09-29,64.839752
1998-09-30,62.870205
1998-10-01,61.055126
1998-10-02,62.232998
1998-10-05,60.977913
1998-10-06,60.919983
1998-10-07,60.012451
1998-10-08,59.684219
1998-10-09,60.881359
1998-10-12,61.769577
1998-10-13,61.557159
1998-10-14,62.136429
1998-10-15,65.476936
1998-10-16,65.496231
1998-10-19,65.727928
1998-10-20,66.114128
1998-10-21,65.882401
1998-10-22,66.867149
1998-10-23,66.017555
1998-10-26,66.500259
1998-10-27,66.114128
1998-10-28,65.998238
1998-10-29,67.600876
1998-10-30,67.967796
1998-11-02,69.126343
1998-11-03,68.624237
1998-11-04,69.358025
1998-11-05,70.304184
1998-11-06,70.516579
1998-11-09,70.014511
1998-11-10,69.821449
1998-11-11,69.358025
1998-11-12,69.280807
1998-11-13,69.956596
1998-11-16,70.477943
1998-11-17,70.477943
1998-11-18,70.902779
1998-11-19,71.520638
1998-11-20,72.061295
1998-11-23,73.760506
1998-11-24,73.297081
1998-11-25,73.297081
1998-11-27,73.837730
1998-11-30,71.752350
1998-12-01,72.679161
1998-12-02,72.466774
1998-12-03,71.269615
1998-12-04,73.142624
1998-12-07,73.490150
1998-12-08,73.161911
1998-12-09,73.297081
1998-12-10,72.225433
1998-12-11,72.370224
1998-12-14,70.284843
1998-12-15,72.099945
1998-12-16,72.003403
1998-12-17,73.152214
1998-12-18,73.463081
1998-12-21,74.489838
1998-12-22,74.819214
1998-12-23,76.388420
1998-12-24,76.059090
1998-12-28,75.865341
1998-12-29,77.066483
1998-12-30,76.446564
1998-12-31,76.446564
1999-01-04,76.272217
1999-01-05,77.144005
1999-01-06,79.003815
1999-01-07,78.616325
1999-01-08,79.197540
1999-01-11,78.442017
1999-01-12,77.027756
1999-01-13,76.485291
1999-01-14,75.148552
1999-01-15,77.105232
1999-01-19,77.608932
1999-01-20,78.228859
1999-01-21,76.155914
1999-01-22,75.981590
1999-01-25,76.756523
1999-01-26,78.151360
1999-01-27,77.240860
1999-01-28,78.538864
1999-01-29,79.139381
1999-02-01,78.674469
1999-02-02,78.190125
1999-02-03,78.984421
1999-02-04,77.802681
1999-02-05,76.911545
1999-02-08,77.066483
1999-02-09,75.342247
1999-02-10,75.826599
1999-02-11,77.570190
1999-02-12,76.640259
1999-02-16,76.175316
1999-02-17,76.097809
1999-02-18,76.698380
1999-02-19,77.027756
1999-02-22,79.081276
1999-02-23,79.042519
1999-02-24,77.647713
1999-02-25,76.911545
1999-02-26,76.601547
1999-03-01,76.814621
1999-03-02,76.136574
1999-03-03,76.543427
1999-03-04,77.512070
1999-03-05,79.071602
1999-03-08,79.584999
1999-03-09,79.391289
1999-03-10,80.088715
1999-03-11,80.979866
1999-03-12,80.204918
1999-03-15,81.347946
1999-03-16,81.038010
1999-03-17,80.689262
1999-03-18,81.987297
1999-03-19,80.593658
1999-03-22,80.749069
1999-03-23,78.418625
1999-03-24,78.865334
1999-03-25,80.477158
1999-03-26,79.894569
1999-03-29,81.506409
1999-03-30,81.079178
1999-03-31,79.778030
1999-04-01,80.380058
1999-04-05,82.283226
1999-04-06,82.088997
1999-04-07,82.749313
1999-04-08,83.797981
1999-04-09,83.817451
1999-04-12,84.710754
1999-04-13,84.166946
1999-04-14,82.749313
1999-04-15,82.438576
1999-04-16,81.739471
1999-04-19,80.477158
1999-04-20,81.487007
1999-04-21,83.817451
1999-04-22,84.613693
1999-04-23,84.400024
1999-04-26,84.885529
1999-04-27,85.293404
1999-04-28,84.128159
1999-04-29,83.487297
1999-04-30,82.807602
1999-05-03,84.322319
1999-05-04,83.118294
1999-05-05,83.778572
1999-05-06,83.263969
1999-05-07,83.895096
1999-05-10,83.477592
1999-05-11,84.322319
1999-05-12,84.982590
1999-05-13,85.351608
1999-05-14,83.137688
1999-05-17,83.390190
1999-05-18,83.234818
1999-05-19,83.836830
1999-05-20,83.331955
1999-05-21,82.865837
1999-05-24,81.487007
1999-05-25,80.166443
1999-05-26,81.059761
1999-05-27,79.894569
1999-05-28,80.914108
1999-06-01,80.632553
1999-06-02,80.710205
1999-06-03,81.156837
1999-06-04,82.788155
1999-06-07,83.001785
1999-06-08,82.186165
1999-06-09,82.108459
1999-06-10,81.351067
1999-06-11,80.671341
1999-06-14,80.749069
1999-06-15,81.292793
1999-06-16,82.846413
1999-06-17,83.623230
1999-06-18,83.719833
1999-06-21,83.914597
1999-06-22,83.330269
1999-06-23,82.921219
1999-06-24,82.297867
1999-06-25,82.093338
1999-06-28,83.096504
1999-06-29,83.875702
1999-06-30,85.395035
1999-07-01,86.037834
1999-07-02,86.894920
1999-07-06,86.875389
1999-07-07,86.992271
1999-07-08,87.060432
1999-07-09,87.576622
1999-07-12,87.187080
1999-07-13,86.875389
1999-07-14,87.362381
1999-07-15,87.917549
1999-07-16,88.394745
1999-07-19,87.810371
1999-07-20,86.008621
1999-07-21,85.911217
1999-07-22,84.781410
1999-07-23,84.615852
1999-07-26,83.992561
1999-07-27,84.693794
1999-07-28,84.966484
1999-07-29,83.778275
1999-07-30,82.745926
1999-08-02,82.940674
1999-08-03,82.551079
1999-08-04,81.421333
1999-08-05,82.161514
1999-08-06,81.265511
1999-08-09,81.090210
1999-08-10,80.194176
1999-08-11,81.168106
1999-08-12,81.119431
1999-08-13,82.999138
1999-08-16,83.369240
1999-08-17,83.914597
1999-08-18,83.310783
1999-08-19,82.628998
1999-08-20,83.466576
1999-08-23,85.063858
1999-08-24,85.375526
1999-08-25,86.252083
1999-08-26,85.219734
1999-08-27,84.187317
1999-08-30,82.628998
1999-08-31,82.317368
1999-09-01,83.330269
1999-09-02,82.346565
1999-09-03,84.752197
1999-09-07,84.440598
1999-09-08,84.031517
1999-09-09,83.992561
1999-09-10,84.693794
1999-09-13,84.119171
1999-09-14,83.564011
1999-09-15,82.239464
1999-09-16,82.560837
1999-09-17,83.604004
1999-09-20,83.486816
1999-09-21,81.728813
1999-09-22,81.640907
1999-09-23,79.931702
1999-09-24,79.853546
1999-09-27,80.380959
1999-09-28,80.224724
1999-09-29,79.267555
1999-09-30,80.478653
1999-10-01,80.302849
1999-10-04,81.728813
1999-10-05,81.650627
1999-10-06,82.900841
1999-10-07,82.431999
1999-10-08,83.682167
1999-10-11,83.545418
1999-10-12,82.256187
1999-10-13,80.127007
1999-10-14,80.107521
1999-10-15,78.056488
1999-10-18,78.622948
1999-10-19,79.384720
1999-10-20,80.166077
1999-10-21,80.634895
1999-10-22,81.318588
1999-10-25,80.908386
1999-10-26,79.892624
1999-10-27,81.338112
1999-10-28,84.111946
1999-10-29,85.635529
1999-11-01,84.736969
1999-11-02,84.131439
1999-11-03,84.697922
1999-11-04,85.342499
1999-11-05,86.182457
1999-11-08,86.260605
1999-11-09,85.449974
1999-11-10,86.084793
1999-11-11,86.573158
1999-11-12,87.354515
1999-11-15,87.559601
1999-11-16,88.292084
1999-11-17,88.526573
1999-11-18,89.151573
1999-11-19,89.073418
1999-11-22,89.053886
1999-11-23,88.272621
1999-11-24,88.741356
1999-11-26,88.409279
1999-11-29,88.096809
1999-11-30,87.061455
1999-12-01,87.764725
1999-12-02,88.292084
1999-12-03,89.913368
1999-12-06,89.249283
1999-12-07,88.526573
1999-12-08,87.960030
1999-12-09,88.389725
1999-12-10,88.682785
1999-12-13,88.839035
1999-12-14,87.979546
1999-12-15,88.448334
1999-12-16,88.839035
1999-12-17,89.409592
1999-12-20,88.763405
1999-12-21,90.114456
1999-12-22,90.349472
1999-12-23,91.788704
1999-12-27,91.661446
1999-12-28,91.602707
1999-12-29,91.994362
1999-12-30,91.886612
1999-12-31,92.033493
2000-01-03,91.132767
2000-01-04,87.568924
2000-01-05,87.725594
2000-01-06,86.315697
2000-01-07,91.328583
2000-01-10,91.641907
2000-01-11,90.545319
2000-01-12,89.644547
2000-01-13,90.858597
2000-01-14,92.092216
2000-01-18,91.367722
2000-01-19,92.111832
2000-01-20,90.701965
2000-01-21,90.506180
2000-01-24,87.940948
2000-01-25,88.939629
2000-01-26,88.234703
2000-01-27,87.882179
2000-01-28,85.140785
2000-01-31,87.451401
2000-02-01,88.313042
2000-02-02,88.391342
2000-02-03,89.722855
2000-02-04,89.350807
2000-02-07,89.213768
2000-02-08,90.427803
2000-02-09,88.528381
2000-02-10,88.704628
2000-02-11,86.903099
2000-02-14,87.412300
2000-02-15,88.401108
2000-02-16,87.098915
2000-02-17,86.648560
2000-02-18,84.788284
2000-02-22,84.572899
2000-02-23,85.571587
2000-02-24,83.848434
2000-02-25,83.544876
2000-02-28,85.297440
2000-02-29,86.119843
2000-03-01,86.746445
2000-03-02,86.805191
2000-03-03,88.430511
2000-03-06,87.568924
2000-03-07,85.875069
2000-03-08,85.767372
2000-03-09,88.273827
2000-03-10,87.803909
2000-03-13,86.844406
2000-03-14,85.610741
2000-03-15,87.608063
2000-03-16,91.700645
2000-03-17,92.306686
2000-03-20,91.835510
2000-03-21,93.720123
2000-03-22,94.289474
2000-03-23,95.899269
2000-03-24,96.468544
2000-03-27,95.447708
2000-03-28,94.897995
2000-03-29,94.996162
2000-03-30,93.406044
2000-03-31,94.466080
2000-04-03,95.015816
2000-04-04,94.309059
2000-04-05,93.720123
2000-04-06,94.534859
2000-04-07,95.133575
2000-04-10,94.760567
2000-04-11,94.485748
2000-04-12,91.894417
2000-04-13,90.618332
2000-04-14,85.435722
2000-04-17,88.419617
2000-04-18,90.755852
2000-04-19,89.911652
2000-04-20,90.343536
2000-04-24,89.362007
2000-04-25,93.072296
2000-04-26,92.022011
2000-04-27,91.717697
2000-04-28,91.148422
2000-05-01,92.385208
2000-05-02,90.539864
2000-05-03,88.419617
2000-05-04,89.087135
2000-05-05,90.166870
2000-05-08,89.489555
2000-05-09,88.773064
2000-05-10,86.770645
2000-05-11,88.753395
2000-05-12,89.715347
2000-05-15,91.266228
2000-05-16,92.149590
2000-05-17,91.187698
2000-05-18,90.068695
2000-05-19,88.655235
2000-05-22,87.987778
2000-05-23,86.692154
2000-05-24,88.105537
2000-05-25,86.593956
2000-05-26,86.692154
2000-05-30,89.518974
2000-05-31,89.715347
2000-06-01,91.285820
2000-06-02,92.875992
2000-06-05,92.424461
2000-06-06,92.012199
2000-06-07,92.650238
2000-06-08,92.287018
2000-06-09,92.090744
2000-06-12,91.011024
2000-06-13,92.718910
2000-06-14,92.875992
2000-06-15,93.072296
2000-06-16,92.307556
2000-06-19,93.488213
2000-06-20,93.153671
2000-06-21,93.114319
2000-06-22,91.697533
2000-06-23,90.910469
2000-06-26,92.081253
2000-06-27,91.402405
2000-06-28,91.658211
2000-06-29,90.792358
2000-06-30,91.481102
2000-07-03,92.740463
2000-07-05,91.067886
2000-07-06,91.776268
2000-07-07,93.252075
2000-07-10,93.094635
2000-07-11,93.291428
2000-07-12,93.901436
2000-07-13,94.314636
2000-07-14,95.239494
2000-07-17,95.082054
2000-07-18,94.304832
2000-07-19,93.547218
2000-07-20,94.845940
2000-07-21,92.996262
2000-07-24,92.464958
2000-07-25,92.760094
2000-07-26,91.854927
2000-07-27,91.540131
2000-07-28,89.473991
2000-07-31,90.044640
2000-08-01,90.595634
2000-08-02,91.048195
2000-08-03,91.677864
2000-08-04,92.169815
2000-08-07,93.271721
2000-08-08,93.625946
2000-08-09,92.838860
2000-08-10,92.386246
2000-08-11,92.819153
2000-08-14,93.999855
2000-08-15,93.921165
2000-08-16,93.586563
2000-08-17,94.570450
2000-08-18,94.255646
2000-08-21,94.767242
2000-08-22,94.609833
2000-08-23,94.983681
2000-08-24,95.278824
2000-08-25,95.239494
2000-08-28,95.564209
2000-08-29,95.583885
2000-08-30,94.668831
2000-08-31,95.928215
2000-09-01,96.026649
2000-09-05,95.259186
2000-09-06,94.176926
2000-09-07,94.983681
2000-09-08,94.334320
2000-09-11,94.196587
2000-09-12,93.507919
2000-09-13,93.753891
2000-09-14,94.226151
2000-09-15,92.164635
2000-09-18,91.316391
2000-09-19,92.144875
2000-09-20,91.464340
2000-09-21,90.073555
2000-09-22,91.710968
2000-09-25,91.059883
2000-09-26,89.896065
2000-09-27,90.369484
2000-09-28,91.533356
2000-09-29,90.665367
2000-10-02,90.803505
2000-10-03,89.955154
2000-10-04,90.704826
2000-10-05,91.020447
2000-10-06,89.047821
2000-10-09,88.377083
2000-10-10,86.917244
2000-10-11,86.187370
2000-10-12,84.037132
2000-10-13,86.838341
2000-10-16,87.232880
2000-10-17,85.062943
2000-10-18,84.747292
2000-10-19,87.943039
2000-10-20,88.317894
2000-10-23,88.712410
2000-10-24,88.120567
2000-10-25,86.049278
2000-10-26,86.286026
2000-10-27,87.923309
2000-10-30,88.712410
2000-10-31,90.241249
2000-11-01,89.935486
2000-11-02,90.083427
2000-11-03,90.132774
2000-11-06,90.764061
2000-11-07,90.744316
2000-11-08,88.732132
2000-11-09,88.396759
2000-11-10,86.246544
2000-11-13,85.575783
2000-11-14,87.824669
2000-11-15,88.100899
2000-11-16,86.719971
2000-11-17,86.256386
2000-11-20,85.023430
2000-11-21,85.457443
2000-11-22,83.415718
2000-11-24,85.122116
2000-11-27,85.871712
2000-11-28,84.392227
2000-11-29,84.234398
2000-11-30,83.504486
2000-12-01,83.465019
2000-12-04,84.175179
2000-12-05,86.936974
2000-12-06,85.546234
2000-12-07,84.372452
2000-12-08,84.569717
2000-12-11,87.509117
2000-12-12,87.134239
2000-12-13,85.940765
2000-12-14,84.845924
2000-12-15,82.929527
2000-12-18,84.037628
2000-12-19,82.326012
2000-12-20,79.941582
2000-12-21,80.495667
2000-12-22,82.909752
2000-12-26,83.800209
2000-12-27,84.413589
2000-12-28,84.670837
2000-12-29,83.068047
2001-01-02,81.564171
2001-01-03,85.482155
2001-01-04,84.562004
2001-01-05,81.801651
2001-01-08,82.434845
2001-01-09,82.217171
2001-01-10,83.661667
2001-01-11,83.740807
2001-01-12,83.582527
2001-01-16,84.116783
2001-01-17,84.502625
2001-01-18,85.343613
2001-01-19,84.858833
2001-01-22,85.422768
2001-01-23,86.095535
2001-01-24,86.352783
2001-01-25,86.135101
2001-01-26,86.036148
2001-01-29,86.495224
2001-01-30,87.255104
2001-01-31,86.761192
2001-02-01,87.337410
2001-02-02,85.355507
2001-02-05,85.982391
2001-02-06,85.729088
2001-02-07,85.285858
2001-02-08,84.291725
2001-02-09,83.481239
2001-02-12,84.437309
2001-02-13,83.747177
2001-02-14,83.620506
2001-02-15,84.431030
2001-02-16,82.569374
2001-02-20,81.296669
2001-02-21,79.542732
2001-02-22,79.663025
2001-02-23,79.124825
2001-02-26,80.809105
2001-02-27,80.061935
2001-02-28,78.485252
2001-03-01,78.896835
2001-03-02,78.269958
2001-03-05,78.985504
2001-03-06,79.833992
2001-03-07,80.403831
2001-03-08,80.492485
2001-03-09,78.111679
2001-03-12,74.768402
2001-03-13,75.996758
2001-03-14,74.496124
2001-03-15,74.515083
2001-03-16,73.020546
2001-03-19,74.506210
2001-03-20,72.506233
2001-03-21,71.274559
2001-03-22,70.550705
2001-03-23,72.683990
2001-03-26,73.610970
2001-03-27,75.115692
2001-03-28,73.039558
2001-03-29,73.318909
2001-03-30,74.087181
2001-04-02,72.506233
2001-04-03,70.087257
2001-04-04,70.379272
2001-04-05,73.045937
2001-04-06,71.934822
2001-04-09,72.734825
2001-04-10,74.061745
2001-04-11,74.112556
2001-04-12,75.458557
2001-04-16,74.664925
2001-04-17,75.718872
2001-04-18,78.728333
2001-04-19,79.775902
2001-04-20,79.045753
2001-04-23,77.610863
2001-04-24,77.191849
2001-04-25,78.201347
2001-04-26,78.550568
2001-04-27,79.858467
2001-04-30,80.417152
2001-05-01,80.664764
2001-05-02,80.518806
2001-05-03,79.496544
2001-05-04,80.848900
2001-05-07,80.150497
2001-05-08,80.112411
2001-05-09,79.775902
2001-05-10,80.010834
2001-05-11,79.458466
2001-05-14,79.617203
2001-05-15,79.985413
2001-05-16,81.871094
2001-05-17,81.998070
2001-05-18,82.372665
2001-05-21,83.585358
2001-05-22,83.477432
2001-05-23,82.061569
2001-05-24,82.302856
2001-05-25,81.331436
2001-05-29,80.683838
2001-05-30,79.553680
2001-05-31,79.966385
2001-06-01,80.461617
2001-06-04,80.848900
2001-06-05,81.775887
2001-06-06,81.096512
2001-06-07,81.388565
2001-06-08,80.633049
2001-06-11,80.061600
2001-06-12,79.921921
2001-06-13,79.236252
2001-06-14,77.458542
2001-06-15,77.583305
2001-06-18,77.207626
2001-06-19,77.545097
2001-06-20,77.952599
2001-06-21,78.837639
2001-06-22,78.219994
2001-06-25,77.500504
2001-06-26,77.392303
2001-06-27,77.347710
2001-06-28,77.774345
2001-06-29,78.060829
2001-07-02,79.035042
2001-07-03,79.015900
2001-07-05,77.475075
2001-07-06,75.800499
2001-07-09,76.214401
2001-07-10,75.297523
2001-07-11,75.373917
2001-07-12,77.163071
2001-07-13,77.831642
2001-07-16,76.857437
2001-07-17,77.576912
2001-07-18,77.048500
2001-07-19,77.723358
2001-07-20,77.258575
2001-07-23,75.736870
2001-07-24,75.004631
2001-07-25,75.832367
2001-07-26,76.628227
2001-07-27,76.921104
2001-07-30,76.946602
2001-07-31,77.264946
2001-08-01,77.748856
2001-08-02,78.067223
2001-08-03,77.640602
2001-08-06,76.596413
2001-08-07,76.895645
2001-08-08,75.469437
2001-08-09,75.692268
2001-08-10,75.953316
2001-08-13,75.972427
2001-08-14,75.940598
2001-08-15,75.284767
2001-08-16,75.545868
2001-08-17,74.336067
2001-08-20,75.023743
2001-08-21,73.743935
2001-08-22,74.508026
2001-08-23,74.240578
2001-08-24,75.781425
2001-08-27,75.329330
2001-08-28,74.227837
2001-08-29,73.565681
2001-08-30,72.152161
2001-08-31,72.680595
2001-09-04,72.215866
2001-09-05,72.394104
2001-09-06,70.528519
2001-09-07,69.223251
2001-09-10,70.070107
2001-09-17,66.408981
2001-09-18,66.249825
2001-09-19,64.912720
2001-09-20,62.849834
2001-09-21,62.171707
2001-09-24,64.357437
2001-09-25,65.028503
2001-09-26,64.798393
2001-09-27,65.360832
2001-09-28,66.747627
2001-10-01,66.639008
2001-10-02,67.476273
2001-10-03,68.607452
2001-10-04,68.664955
2001-10-05,68.530762
2001-10-08,68.083359
2001-10-09,67.719086
2001-10-10,69.227356
2001-10-11,70.301079
2001-10-12,69.981537
2001-10-15,69.853691
2001-10-16,70.294693
2001-10-17,68.799179
2001-10-18,68.652161
2001-10-19,68.607452
2001-10-22,69.962334
2001-10-23,69.604469
2001-10-24,69.419121
2001-10-25,70.665352
2001-10-26,70.505577
2001-10-29,68.671379
2001-10-30,67.846901
2001-10-31,67.616837
2001-11-01,69.348824
2001-11-02,69.821770
2001-11-05,70.735657
2001-11-06,71.834908
2001-11-07,71.739059
2001-11-08,71.962723
2001-11-09,72.039421
2001-11-12,71.598427
2001-11-13,73.208977
2001-11-14,73.279289
2001-11-15,73.413483
2001-11-16,73.087547
2001-11-19,73.988670
2001-11-20,73.368744
2001-11-21,72.883057
2001-11-23,73.931168
2001-11-26,74.090942
2001-11-27,73.771385
2001-11-28,72.435684
2001-11-29,73.413483
2001-11-30,72.889473
2001-12-03,72.454834
2001-12-04,73.681908
2001-12-05,75.030426
2001-12-06,74.992081
2001-12-07,74.493576
2001-12-10,73.100319
2001-12-11,72.953300
2001-12-12,73.036446
2001-12-13,71.617615
2001-12-14,72.301445
2001-12-17,73.049202
2001-12-18,73.483788
2001-12-19,74.001472
2001-12-20,73.272865
2001-12-21,73.717331
2001-12-24,73.576241
2001-12-26,73.980225
2001-12-27,74.429184
2001-12-28,74.390640
2001-12-31,73.300430
2002-01-02,74.089264
2002-01-03,74.929367
2002-01-04,75.429565
2002-01-07,74.897308
2002-01-08,74.724167
2002-01-09,74.114891
2002-01-10,74.441963
2002-01-11,73.710884
2002-01-14,73.249130
2002-01-15,73.845581
2002-01-16,72.351357
2002-01-17,72.896416
2002-01-18,72.562981
2002-01-22,72.062790
2002-01-23,72.614265
2002-01-24,72.838715
2002-01-25,72.819489
2002-01-28,73.018311
2002-01-29,70.722473
2002-01-30,71.742134
2002-01-31,72.582207
2002-02-01,72.242302
2002-02-04,70.446671
2002-02-05,70.010628
2002-02-06,69.709160
2002-02-07,69.273079
2002-02-08,70.600571
2002-02-11,71.466354
2002-02-12,71.241875
2002-02-13,71.998619
2002-02-14,71.863945
2002-02-15,71.113617
2002-02-19,69.747681
2002-02-20,70.921265
2002-02-21,69.452690
2002-02-22,70.312035
2002-02-25,71.472748
2002-02-26,71.325256
2002-02-27,71.601021
2002-02-28,71.280365
2002-03-01,72.941338
2002-03-04,74.230339
2002-03-05,73.993065
2002-03-06,74.871613
2002-03-07,74.711311
2002-03-08,75.025551
2002-03-11,75.185883
2002-03-12,75.140984
2002-03-13,74.416321
2002-03-14,74.313705
2002-03-15,75.021805
2002-03-18,75.034668
2002-03-19,75.536346
2002-03-20,74.114983
2002-03-21,74.147141
2002-03-22,73.986389
2002-03-25,73.066673
2002-03-26,73.491119
2002-03-27,73.684067
2002-03-28,73.651917
2002-04-01,73.684067
2002-04-02,73.278908
2002-04-03,72.764450
2002-04-04,72.462097
2002-04-05,72.475006
2002-04-08,72.629395
2002-04-09,72.121246
2002-04-10,72.938065
2002-04-11,71.124413
2002-04-12,71.658203
2002-04-15,71.111549
2002-04-16,72.802971
2002-04-17,72.648628
2002-04-18,72.333511
2002-04-19,72.597176
2002-04-22,71.388115
2002-04-23,71.079376
2002-04-24,70.365494
2002-04-25,70.404091
2002-04-26,69.066376
2002-04-29,68.725502
2002-04-30,69.368652
2002-05-01,70.217552
2002-05-02,69.947479
2002-05-03,69.188583
2002-05-06,67.831551
2002-05-07,67.593620
2002-05-08,70.108253
2002-05-09,69.297897
2002-05-10,67.992348
2002-05-13,69.375084
2002-05-14,70.886444
2002-05-15,70.609901
2002-05-16,70.976479
2002-05-17,71.323761
2002-05-20,70.552002
2002-05-21,69.908882
2002-05-22,70.063225
2002-05-23,70.809265
2002-05-24,69.902451
2002-05-28,69.522987
2002-05-29,69.008522
2002-05-30,68.815552
2002-05-31,68.957039
2002-06-03,67.124084
2002-06-04,67.291328
2002-06-05,67.921577
2002-06-06,66.538841
2002-06-07,66.461678
2002-06-10,66.718895
2002-06-11,65.574142
2002-06-12,65.972878
2002-06-13,65.310471
2002-06-14,65.213966
2002-06-17,66.963333
2002-06-18,67.509972
2002-06-19,65.934288
2002-06-20,65.091789
2002-06-21,64.074013
2002-06-24,64.409615
2002-06-25,62.963966
2002-06-26,63.067204
2002-06-27,64.170853
2002-06-28,63.867489
2002-07-01,62.621902
2002-07-02,61.292397
2002-07-03,61.640949
2002-07-05,64.093384
2002-07-08,63.293087
2002-07-09,61.699001
2002-07-10,59.453030
2002-07-11,59.937080
2002-07-12,59.278759
2002-07-15,59.595016
2002-07-16,58.446236
2002-07-17,58.562405
2002-07-18,56.665005
2002-07-19,54.670734
2002-07-22,53.050808
2002-07-23,51.598675
2002-07-24,54.677212
2002-07-25,54.212513
2002-07-26,55.245098
2002-07-29,57.936390
2002-07-30,58.691505
2002-07-31,58.833466
2002-08-01,57.297447
2002-08-02,56.013138
2002-08-05,54.064060
2002-08-06,55.884052
2002-08-07,56.858582
2002-08-08,58.697968
2002-08-09,58.917381
2002-08-12,58.484970
2002-08-13,57.420094
2002-08-14,59.517574
2002-08-15,60.343674
2002-08-16,60.162975
2002-08-19,61.569904
2002-08-20,60.918068
2002-08-21,61.795811
2002-08-22,62.396011
2002-08-23,61.053562
2002-08-26,61.479565
2002-08-27,60.769642
2002-08-28,59.440128
2002-08-29,59.465977
2002-08-30,59.233616
2002-09-03,56.974796
2002-09-04,57.787941
2002-09-05,57.297447
2002-09-06,58.084801
2002-09-09,58.510788
2002-09-10,59.181957
2002-09-11,58.814106
2002-09-12,57.729893
2002-09-13,57.871845
2002-09-16,58.013836
2002-09-17,56.684330
2002-09-18,56.116409
2002-09-19,54.664284
2002-09-20,54.682415
2002-09-23,54.235107
2002-09-24,53.359955
2002-09-25,54.682415
2002-09-26,55.577053
2002-09-27,53.645187
2002-09-30,53.022839
2002-10-01,55.570576
2002-10-02,53.904507
2002-10-03,53.359955
2002-10-04,52.381073
2002-10-07,51.298435
2002-10-08,52.102268
2002-10-09,50.630680
2002-10-10,52.270794
2002-10-11,54.559280
2002-10-14,54.863941
2002-10-15,57.502434
2002-10-16,56.108646
2002-10-17,57.223686
2002-10-18,57.463566
2002-10-21,58.455402
2002-10-22,58.034016
2002-10-23,58.474857
2002-10-24,57.282005
2002-10-25,58.474857
2002-10-28,58.092400
2002-10-29,57.418175
2002-10-30,57.975704
2002-10-31,57.385769
2002-11-01,58.520218
2002-11-04,59.077755
2002-11-05,59.544498
2002-11-06,60.316017
2002-11-07,58.837894
2002-11-08,58.118320
2002-11-11,57.217216
2002-11-12,57.671009
2002-11-13,57.729366
2002-11-14,58.818470
2002-11-15,59.252811
2002-11-18,58.656376
2002-11-19,58.578606
2002-11-20,59.881630
2002-11-21,60.996670
2002-11-22,60.562302
2002-11-25,60.601234
2002-11-26,59.447258
2002-11-27,61.119831
2002-11-29,60.925358
2002-12-02,61.022598
2002-12-03,60.205761
2002-12-04,59.933491
2002-12-05,59.272243
2002-12-06,59.661232
2002-12-09,58.021103
2002-12-10,58.799007
2002-12-11,58.850880
2002-12-12,58.844398
2002-12-13,57.917324
2002-12-16,59.414875
2002-12-17,58.896248
2002-12-18,58.215561
2002-12-19,57.800655
2002-12-20,58.625431
2002-12-23,58.644962
2002-12-24,58.208473
2002-12-26,58.234524
2002-12-27,56.925064
2002-12-30,57.400650
2002-12-31,57.478844
2003-01-02,59.329002
2003-01-03,59.511414
2003-01-06,60.560280
2003-01-07,60.410446
2003-01-08,59.537479
2003-01-09,60.462559
2003-01-10,60.625408
2003-01-13,60.605865
2003-01-14,60.801304
2003-01-15,60.195419
2003-01-16,59.947872
2003-01-17,59.061859
2003-01-21,58.143337
2003-01-22,57.439732
2003-01-23,57.791538
2003-01-24,56.273647
2003-01-27,55.504890
2003-01-28,55.915337
2003-01-29,56.338779
2003-01-30,55.003273
2003-01-31,56.065136
2003-02-03,56.175877
2003-02-04,55.622166
2003-02-05,55.276871
2003-02-06,55.016270
2003-02-07,54.345291
2003-02-10,54.729633
2003-02-11,54.351810
2003-02-12,53.485332
2003-02-13,53.648212
2003-02-14,54.820854
2003-02-18,55.785023
2003-02-19,55.491867
2003-02-20,54.938129
2003-02-21,55.491867
2003-02-24,54.592823
2003-02-25,55.029308
2003-02-26,54.228012
2003-02-27,54.944630
2003-02-28,55.309444
2003-03-03,54.781780
2003-03-04,53.908791
2003-03-05,54.364826
2003-03-06,53.908791
2003-03-07,54.280117
2003-03-10,52.977207
2003-03-11,52.456039
2003-03-12,52.807819
2003-03-13,54.631916
2003-03-14,54.807827
2003-03-17,56.534222
2003-03-18,56.866459
2003-03-19,57.302917
2003-03-20,57.426716
2003-03-21,58.652493
2003-03-24,56.703285
2003-03-25,57.246189
2003-03-26,56.958374
2003-03-27,57.004162
2003-03-28,56.716385
2003-03-31,55.427822
2003-04-01,56.278122
2003-04-02,57.638630
2003-04-03,57.363922
2003-04-04,57.704033
2003-04-07,57.592876
2003-04-08,57.684429
2003-04-09,56.925701
2003-04-10,57.239643
2003-04-11,57.004162
2003-04-14,58.181503
2003-04-15,58.724426
2003-04-16,57.723675
2003-04-17,58.580509
2003-04-21,58.639393
2003-04-22,59.744804
2003-04-23,60.294250
2003-04-24,59.757896
2003-04-25,59.018806
2003-04-28,60.039135
2003-04-29,60.248440
2003-04-30,60.117672
2003-05-01,60.111115
2003-05-02,60.967979
2003-05-05,60.850212
2003-05-06,61.425808
2003-05-07,61.085720
2003-05-08,60.470844
2003-05-09,61.308067
2003-05-12,62.060280
2003-05-13,61.949116
2003-05-14,61.818275
2003-05-15,62.210754
2003-05-16,62.053757
2003-05-19,60.601639
2003-05-20,60.477398
2003-05-21,60.601639
2003-05-22,61.203461
2003-05-23,61.327740
2003-05-27,62.400402
2003-05-28,62.577065
2003-05-29,62.413506
2003-05-30,63.414299
2003-06-02,63.675903
2003-06-03,63.937550
2003-06-04,64.859848
2003-06-05,65.180298
2003-06-06,64.925240
2003-06-09,64.264603
2003-06-10,64.918694
2003-06-11,65.605476
2003-06-12,65.808243
2003-06-13,65.121445
2003-06-16,66.495041
2003-06-17,66.495041
2003-06-18,66.436172
2003-06-19,65.422348
2003-06-20,65.277931
2003-06-23,64.608307
2003-06-24,64.673988
2003-06-25,64.024117
2003-06-26,64.857773
2003-06-27,64.109451
2003-06-30,64.089729
2003-07-01,64.680557
2003-07-02,65.494545
2003-07-03,64.818420
2003-07-07,66.105057
2003-07-08,66.400467
2003-07-09,66.026276
2003-07-10,65.186005
2003-07-11,65.803101
2003-07-14,66.124779
2003-07-15,65.980316
2003-07-16,65.593002
2003-07-17,64.660812
2003-07-18,65.323898
2003-07-21,64.516434
2003-07-22,65.100708
2003-07-23,65.146614
2003-07-24,64.654289
2003-07-25,65.796501
2003-07-28,65.553627
2003-07-29,65.251648
2003-07-30,65.094124
2003-07-31,65.245079
2003-08-01,64.667404
2003-08-04,64.667404
2003-08-05,63.295418
2003-08-06,63.663063
2003-08-07,64.332634
2003-08-08,64.516434
2003-08-11,64.759354
2003-08-12,65.350143
2003-08-13,65.015335
2003-08-14,65.192581
2003-08-15,65.396103
2003-08-18,65.960640
2003-08-19,66.210091
2003-08-20,65.940948
2003-08-21,66.151031
2003-08-22,65.494545
2003-08-25,65.599594
2003-08-26,65.717751
2003-08-27,65.737450
2003-08-28,66.144417
2003-08-29,66.590858
2003-09-02,67.483627
2003-09-03,67.851227
2003-09-04,67.884064
2003-09-05,67.503304
2003-09-08,68.061287
2003-09-09,67.614906
2003-09-10,66.932175
2003-09-11,67.129135
2003-09-12,67.253830
2003-09-15,67.017540
2003-09-16,67.995644
2003-09-17,67.864326
2003-09-18,68.665207
2003-09-19,68.315979
2003-09-22,67.577927
2003-09-23,67.834923
2003-09-24,66.628975
2003-09-25,66.082039
2003-09-26,65.864578
2003-09-29,66.510384
2003-09-30,65.864578
2003-10-01,67.268211
2003-10-02,67.512032
2003-10-03,68.131454
2003-10-06,68.441193
2003-10-07,68.704773
2003-10-08,68.533463
2003-10-09,68.717957
2003-10-10,68.909035
2003-10-13,69.126541
2003-10-14,69.370354
2003-10-15,69.185829
2003-10-16,69.462563
2003-10-17,68.704773
2003-10-20,69.218765
2003-10-21,69.100174
2003-10-22,68.230309
2003-10-23,68.105087
2003-10-24,68.256676
2003-10-27,68.289597
2003-10-28,69.218765
2003-10-29,69.311012
2003-10-30,69.455994
2003-10-31,69.390083
2003-11-03,69.844826
2003-11-04,69.693230
2003-11-05,69.745956
2003-11-06,70.115013
2003-11-07,69.594368
2003-11-10,69.311012
2003-11-11,69.291267
2003-11-12,70.068848
2003-11-13,70.088593
2003-11-14,69.495560
2003-11-17,69.146278
2003-11-18,68.428001
2003-11-19,69.007896
2003-11-20,68.388489
2003-11-21,68.671814
2003-11-24,69.581223
2003-11-25,69.844826
2003-11-26,70.095222
2003-11-28,70.147926
2003-12-01,70.905724
2003-12-02,70.727829
2003-12-03,70.615776
2003-12-04,70.905724
2003-12-05,70.411499
2003-12-08,70.885948
2003-12-09,70.339081
2003-12-10,70.332443
2003-12-11,71.123222
2003-12-12,71.261620
2003-12-15,70.905724
2003-12-16,71.274757
2003-12-17,71.498825
2003-12-18,72.302811
2003-12-19,72.101494
2003-12-22,72.604691
2003-12-23,72.651031
2003-12-24,72.578232
2003-12-26,72.631180
2003-12-29,73.597824
2003-12-30,73.611076
2003-12-31,73.677269
2004-01-02,73.644150
2004-01-05,74.445297
2004-01-06,74.518127
2004-01-07,74.769707
2004-01-08,75.067665
2004-01-09,74.412125
2004-01-12,74.961708
2004-01-13,74.524742
2004-01-14,75.147125
2004-01-15,75.332489
2004-01-16,75.630447
2004-01-20,75.610565
2004-01-21,76.206459
2004-01-22,76.007797
2004-01-23,75.762871
2004-01-26,76.716270
2004-01-27,75.928375
2004-01-28,75.061020
2004-01-29,75.133850
2004-01-30,75.133850
2004-02-02,75.458305
2004-02-03,75.332489
2004-02-04,74.716751
2004-02-05,74.935242
2004-02-06,75.776070
2004-02-09,75.795937
2004-02-10,76.040924
2004-02-11,76.848709
2004-02-12,76.570610
2004-02-13,76.226334
2004-02-17,76.914879
2004-02-18,76.577209
2004-02-19,76.292549
2004-02-20,76.060776
2004-02-23,75.868797
2004-02-24,75.736397
2004-02-25,76.054138
2004-02-26,76.100517
2004-02-27,76.153481
2004-03-01,76.908249
2004-03-02,76.458061
2004-03-03,76.597054
2004-03-04,76.795692
2004-03-05,77.053932
2004-03-08,76.113739
2004-03-09,75.809196
2004-03-10,74.538002
2004-03-11,73.571312
2004-03-12,74.538002
2004-03-15,73.624298
2004-03-16,74.014977
2004-03-17,74.842545
2004-03-18,74.862427
2004-03-19,73.789398
2004-03-22,72.852554
2004-03-23,72.726326
2004-03-24,72.786118
2004-03-25,73.749504
2004-03-26,73.769417
2004-03-29,74.805954
2004-03-30,75.058464
2004-03-31,75.144768
2004-04-01,75.596588
2004-04-02,76.167946
2004-04-05,76.586540
2004-04-06,76.340729
2004-04-07,76.161346
2004-04-08,75.988594
2004-04-12,76.287575
2004-04-13,75.217857
2004-04-14,75.337433
2004-04-15,75.051765
2004-04-16,75.629807
2004-04-19,75.629807
2004-04-20,74.360786
2004-04-21,74.859123
2004-04-22,75.908836
2004-04-23,75.981956
2004-04-26,75.875664
2004-04-27,75.942116
2004-04-28,74.958763
2004-04-29,74.301003
2004-04-30,73.722939
2004-05-03,74.513588
2004-05-04,74.453835
2004-05-05,74.932205
2004-05-06,74.287689
2004-05-07,73.058556
2004-05-10,72.307762
2004-05-11,72.919022
2004-05-12,73.384132
2004-05-13,73.078499
2004-05-14,73.111679
2004-05-17,72.487152
2004-05-18,72.852554
2004-05-19,72.600090
2004-05-20,72.832657
2004-05-21,72.958878
2004-05-24,73.264488
2004-05-25,74.314278
2004-05-26,74.573387
2004-05-27,74.991982
2004-05-28,74.985329
2004-06-01,74.885651
2004-06-02,75.164703
2004-06-03,74.473755
2004-06-04,75.065079
2004-06-07,76.207863
2004-06-08,76.314171
2004-06-09,75.603210
2004-06-10,75.975296
2004-06-14,75.224518
2004-06-15,75.756035
2004-06-16,75.742744
2004-06-17,75.629807
2004-06-18,75.772507
2004-06-21,75.485756
2004-06-22,75.865845
2004-06-23,76.519356
2004-06-24,76.279297
2004-06-25,75.912560
2004-06-28,75.652481
2004-06-29,75.965889
2004-06-30,76.372658
2004-07-01,75.312386
2004-07-02,75.272385
2004-07-06,74.612244
2004-07-07,74.832283
2004-07-08,74.312134
2004-07-09,74.505531
2004-07-12,74.538879
2004-07-13,74.592201
2004-07-14,74.365479
2004-07-15,73.885361
2004-07-16,73.825340
2004-07-19,73.511955
2004-07-20,74.445503
2004-07-21,73.071823
2004-07-22,73.271889
2004-07-23,72.658386
2004-07-26,72.518341
2004-07-27,73.198524
2004-07-28,73.418587
2004-07-29,73.731972
2004-07-30,73.912025
2004-08-02,74.065407
2004-08-03,73.491928
2004-08-04,73.485291
2004-08-05,72.284966
2004-08-06,71.251343
2004-08-09,71.351372
2004-08-10,72.271629
2004-08-11,72.124916
2004-08-12,71.338066
2004-08-13,71.478088
2004-08-16,72.218254
2004-08-17,72.625061
2004-08-18,73.371887
2004-08-19,73.158531
2004-08-20,73.672005
2004-08-23,73.485291
2004-08-24,73.585281
2004-08-25,74.085426
2004-08-26,74.085426
2004-08-27,74.318787
2004-08-30,73.705315
2004-08-31,74.092110
2004-09-01,74.232162
2004-09-02,75.072311
2004-09-03,74.765594
2004-09-07,75.259071
2004-09-08,75.072311
2004-09-09,75.005646
2004-09-10,75.392410
2004-09-13,75.639168
2004-09-14,75.792519
2004-09-15,75.219017
2004-09-16,75.445732
2004-09-17,75.766495
2004-09-20,75.311165
2004-09-21,75.639275
2004-09-22,74.695107
2004-09-23,74.293358
2004-09-24,74.634834
2004-09-27,74.159431
2004-09-28,74.514328
2004-09-29,74.889328
2004-09-30,74.835747
2004-10-01,76.101318
2004-10-04,76.228546
2004-10-05,76.268753
2004-10-06,76.791008
2004-10-07,75.967384
2004-10-08,75.337975
2004-10-11,75.646019
2004-10-12,75.351334
2004-10-13,74.688408
2004-10-14,74.085823
2004-10-15,74.500931
2004-10-18,74.782204
2004-10-19,74.152725
2004-10-20,74.005440
2004-10-21,74.487587
2004-10-22,73.650558
2004-10-25,73.563492
2004-10-26,74.688408
2004-10-27,75.585739
2004-10-28,75.813347
2004-10-29,75.799973
2004-11-01,76.007576
2004-11-02,76.034348
2004-11-03,76.991875
2004-11-04,78.043190
2004-11-05,78.531998
2004-11-08,78.418175
2004-11-09,78.264145
2004-11-10,78.324440
2004-11-11,78.920403
2004-11-12,79.543129
2004-11-15,79.738564
2004-11-16,79.167664
2004-11-17,79.637810
2004-11-18,79.745270
2004-11-19,78.858788
2004-11-22,79.234886
2004-11-23,79.355759
2004-11-24,79.543747
2004-11-26,79.483330
2004-11-29,79.120659
2004-11-30,79.174438
2004-12-01,80.074310
2004-12-02,80.141487
2004-12-03,80.087791
2004-12-06,80.060913
2004-12-07,79.315498
2004-12-08,79.778862
2004-12-09,80.060913
2004-12-10,80.141487
2004-12-13,80.839966
2004-12-14,81.122070
2004-12-15,81.182518
2004-12-16,81.135490
2004-12-17,80.594322
2004-12-20,80.614517
2004-12-21,81.235336
2004-12-22,81.431023
2004-12-23,81.491760
2004-12-27,81.323051
2004-12-28,81.768410
2004-12-29,81.889847
2004-12-30,81.734642
2004-12-31,81.559227
2005-01-03,81.174599
2005-01-04,80.182709
2005-01-05,79.629417
2005-01-06,80.034241
2005-01-07,79.919495
2005-01-10,80.297409
2005-01-11,79.744072
2005-01-12,80.007256
2005-01-13,79.366226
2005-01-14,79.784599
2005-01-18,80.614517
2005-01-19,79.771080
2005-01-20,79.285294
2005-01-21,78.799431
2005-01-24,78.644218
2005-01-25,78.866898
2005-01-26,79.103050
2005-01-27,79.238014
2005-01-28,79.238014
2005-01-31,79.730621
2005-02-01,80.236664
2005-02-02,80.479546
2005-02-03,80.270424
2005-02-04,81.127365
2005-02-07,81.019409
2005-02-08,81.113861
2005-02-09,80.506561
2005-02-10,80.796722
2005-02-11,81.491760
2005-02-14,81.431023
2005-02-15,81.734642
2005-02-16,81.788666
2005-02-17,81.127365
2005-02-18,81.235336
2005-02-22,80.027496
2005-02-23,80.601074
2005-02-24,81.134117
2005-02-25,81.937103
2005-02-28,81.397270
2005-03-01,81.802139
2005-03-02,81.761635
2005-03-03,81.795372
2005-03-04,82.814270
2005-03-07,82.854813
2005-03-08,82.544365
2005-03-09,81.626724
2005-03-10,81.808876
2005-03-11,81.235336
2005-03-14,81.741440
2005-03-15,81.066658
2005-03-16,80.378365
2005-03-17,80.540329
2005-03-18,80.301201
2005-03-21,80.003181
2005-03-22,79.190231
2005-03-23,79.257965
2005-03-24,79.352806
2005-03-28,79.467987
2005-03-29,78.939575
2005-03-30,80.057289
2005-03-31,79.908302
2005-04-01,79.549248
2005-04-04,79.684746
2005-04-05,80.064095
2005-04-06,80.341827
2005-04-07,80.775368
2005-04-08,79.935394
2005-04-11,79.996338
2005-04-12,80.409569
2005-04-13,79.461189
2005-04-14,78.424728
2005-04-15,77.327332
2005-04-18,77.564415
2005-04-19,78.180862
2005-04-20,77.090233
2005-04-21,78.587296
2005-04-22,78.289246
2005-04-25,78.804108
2005-04-26,78.038597
2005-04-27,78.343460
2005-04-28,77.361198
2005-04-29,78.411209
2005-05-02,78.851517
2005-05-03,78.987030
2005-05-04,79.596710
2005-05-05,79.569557
2005-05-06,79.318901
2005-05-09,79.813454
2005-05-10,78.987030
2005-05-11,79.420502
2005-05-12,78.546677
2005-05-13,78.390862
2005-05-16,79.122444
2005-05-17,79.650848
2005-05-18,80.470566
2005-05-19,80.809242
2005-05-20,80.694077
2005-05-23,81.141205
2005-05-24,80.951500
2005-05-25,80.890526
2005-05-26,81.324135
2005-05-27,81.459595
2005-05-31,80.937965
2005-06-01,81.628922
2005-06-02,81.805038
2005-06-03,81.391823
2005-06-06,81.317337
2005-06-07,81.378296
2005-06-08,81.229279
2005-06-09,81.615395
2005-06-10,81.425690
2005-06-13,81.683128
2005-06-14,81.872765
2005-06-15,82.028587
2005-06-16,82.238609
2005-06-17,82.543304
2005-06-20,82.570518
2005-06-21,82.618134
2005-06-22,82.686150
2005-06-23,81.523109
2005-06-24,80.924591
2005-06-27,81.040161
2005-06-28,81.720329
2005-06-29,81.502686
2005-06-30,81.060585
2005-07-01,81.298637
2005-07-05,81.951584
2005-07-06,81.264648
2005-07-07,81.584297
2005-07-08,82.516121
2005-07-11,82.937820
2005-07-12,83.155472
2005-07-13,83.271088
2005-07-14,83.597565
2005-07-15,83.549904
2005-07-18,83.216675
2005-07-19,83.672371
2005-07-20,83.958038
2005-07-21,83.468323
2005-07-22,84.026047
2005-07-25,83.787987
2005-07-26,83.890007
2005-07-27,84.196121
2005-07-28,84.726593
2005-07-29,84.162079
2005-08-01,84.100868
2005-08-02,84.604202
2005-08-03,84.828590
2005-08-04,84.148460
2005-08-05,83.577148
2005-08-08,83.420738
2005-08-09,83.924057
2005-08-10,83.883232
2005-08-11,84.216492
2005-08-12,83.699570
2005-08-15,84.216492
2005-08-16,83.121468
2005-08-17,83.114670
2005-08-18,83.107857
2005-08-19,83.298264
2005-08-22,83.298264
2005-08-23,83.141853
2005-08-24,82.400490
2005-08-25,82.699722
2005-08-26,82.135208
2005-08-29,82.767738
2005-08-30,82.332466
2005-08-31,83.373093
2005-09-01,83.311859
2005-09-02,83.162254
2005-09-06,84.134888
2005-09-07,84.277718
2005-09-08,83.998856
2005-09-09,84.746979
2005-09-12,84.576965
2005-09-13,84.107674
2005-09-14,83.801620
2005-09-15,83.760811
2005-09-16,84.356415
2005-09-19,84.076340
2005-09-20,83.365990
2005-09-21,82.587303
2005-09-22,82.881020
2005-09-23,82.949333
2005-09-26,83.044952
2005-09-27,83.024475
2005-09-28,83.106415
2005-09-29,83.782646
2005-09-30,84.042206
2005-10-03,83.741661
2005-10-04,82.799072
2005-10-05,81.713013
2005-10-06,81.419304
2005-10-07,81.699348
2005-10-10,81.009491
2005-10-11,80.893372
2005-10-12,80.258141
2005-10-13,80.210297
2005-10-14,81.057281
2005-10-17,81.357819
2005-10-18,80.476700
2005-10-19,81.815468
2005-10-20,80.374237
2005-10-21,80.688446
2005-10-24,81.938416
2005-10-25,81.774506
2005-10-26,81.535385
2005-10-27,80.667938
2005-10-28,81.829132
2005-10-31,82.054520
2005-11-01,82.300423
2005-11-02,83.161064
2005-11-03,83.516273
2005-11-04,83.406998
2005-11-07,83.488937
2005-11-08,83.488937
2005-11-09,83.598236
2005-11-10,84.247116
2005-11-11,84.533997
2005-11-14,84.486176
2005-11-15,84.178818
2005-11-16,84.349586
2005-11-17,85.135094
2005-11-18,85.469772
2005-11-21,85.900093
2005-11-22,86.268944
2005-11-23,86.767586
2005-11-25,86.835876
2005-11-28,86.221138
2005-11-29,86.125496
2005-11-30,85.661034
2005-12-01,86.535316
2005-12-02,86.644661
2005-12-05,86.460197
2005-12-06,86.624146
2005-12-07,86.118675
2005-12-08,86.064034
2005-12-09,86.289444
2005-12-12,86.371376
2005-12-13,86.958809
2005-12-14,87.300354
2005-12-15,87.047623
2005-12-16,86.767448
2005-12-19,86.321129
2005-12-20,86.403519
2005-12-21,86.540863
2005-12-22,86.994041
2005-12-23,87.042122
2005-12-27,86.156326
2005-12-28,86.348625
2005-12-29,85.964073
2005-12-30,85.497086
2006-01-03,87.000923
2006-01-04,87.412926
2006-01-05,87.467834
2006-01-06,88.195724
2006-01-09,88.422356
2006-01-10,88.511604
2006-01-11,88.793137
2006-01-12,88.442947
2006-01-13,88.360481
2006-01-17,88.120216
2006-01-18,87.770004
2006-01-19,88.106468
2006-01-20,86.499649
2006-01-23,86.808647
2006-01-24,86.897926
2006-01-25,86.973488
2006-01-26,87.454124
2006-01-27,88.264389
2006-01-30,88.195724
2006-01-31,87.550240
2006-02-01,88.161392
2006-02-02,87.138229
2006-02-03,86.705650
2006-02-06,86.932266
2006-02-07,86.163185
2006-02-08,86.945984
2006-02-09,86.801796
2006-02-10,86.959724
2006-02-13,86.801796
2006-02-14,87.721878
2006-02-15,88.030945
2006-02-16,88.690102
2006-02-17,88.449783
2006-02-21,88.230064
2006-02-22,88.765671
2006-02-23,88.635231
2006-02-24,88.861794
2006-02-27,88.896126
2006-02-28,88.051506
2006-03-01,88.834335
2006-03-02,88.827461
2006-03-03,88.415459
2006-03-06,88.010307
2006-03-07,87.873009
2006-03-08,88.058388
2006-03-09,87.467834
2006-03-10,88.298698
2006-03-13,88.463539
2006-03-14,89.390526
2006-03-15,89.788811
2006-03-16,89.974213
2006-03-17,90.049355
2006-03-20,89.904587
2006-03-21,89.339272
2006-03-22,89.883888
2006-03-23,89.697754
2006-03-24,89.766670
2006-03-27,89.635689
2006-03-28,89.084167
2006-03-29,89.642586
2006-03-30,89.484070
2006-03-31,89.504745
2006-04-03,89.435783
2006-04-04,90.007988
2006-04-05,90.318222
2006-04-06,90.221680
2006-04-07,89.304817
2006-04-10,89.442665
2006-04-11,88.684334
2006-04-12,88.849770
2006-04-13,88.732628
2006-04-17,88.698120
2006-04-18,90.104523
2006-04-19,90.276825
2006-04-20,90.400917
2006-04-21,90.414688
2006-04-24,90.249283
2006-04-25,89.876999
2006-04-26,89.897667
2006-04-27,90.331985
2006-04-28,90.635315
2006-05-01,89.897667
2006-05-02,90.573250
2006-05-03,90.235497
2006-05-04,90.559517
2006-05-05,91.359200
2006-05-08,91.248894
2006-05-09,91.428116
2006-05-10,91.379883
2006-05-11,90.276825
2006-05-12,89.097984
2006-05-15,89.277184
2006-05-16,89.146233
2006-05-17,87.450333
2006-05-18,87.009079
2006-05-19,87.622635
2006-05-22,86.953911
2006-05-23,86.292130
2006-05-24,86.981499
2006-05-25,88.056961
2006-05-26,88.505081
2006-05-30,86.933243
2006-05-31,87.905304
2006-06-01,88.746353
2006-06-02,88.932480
2006-06-05,87.636444
2006-06-06,87.422737
2006-06-07,86.767761
2006-06-08,86.691971
2006-06-09,86.416183
2006-06-12,85.478630
2006-06-13,84.485855
2006-06-14,85.140793
2006-06-15,86.947029
2006-06-16,86.313469
2006-06-19,85.634827
2006-06-20,85.925682
2006-06-21,86.562744
2006-06-22,86.181885
2006-06-23,86.168037
2006-06-26,86.548866
2006-06-27,85.801071
2006-06-28,86.382713
2006-06-29,88.127655
2006-06-30,88.134575
2006-07-03,88.494667
2006-07-05,87.989159
2006-07-06,88.245399
2006-07-07,87.670654
2006-07-10,87.836838
2006-07-11,88.224609
2006-07-12,87.282867
2006-07-13,85.863388
2006-07-14,85.530991
2006-07-17,85.406334
2006-07-18,85.842575
2006-07-19,87.033577
2006-07-20,86.438087
2006-07-21,85.828751
2006-07-24,87.393661
2006-07-25,87.705269
2006-07-26,87.822998
2006-07-27,87.739899
2006-07-28,88.619301
2006-07-31,88.529274
2006-08-01,88.093025
2006-08-02,88.688530
2006-08-03,88.923981
2006-08-04,88.771637
2006-08-07,88.563889
2006-08-08,88.224609
2006-08-09,87.926842
2006-08-10,88.196907
2006-08-11,87.947624
2006-08-14,88.016846
2006-08-15,89.069412
2006-08-16,89.810333
2006-08-17,90.038818
2006-08-18,90.495857
2006-08-21,90.108040
2006-08-22,90.101120
2006-08-23,89.851852
2006-08-24,89.775688
2006-08-25,89.886505
2006-08-28,90.315750
2006-08-29,90.419647
2006-08-30,90.475075
2006-08-31,90.461243
2006-09-01,91.001305
2006-09-05,91.174438
2006-09-06,90.371193
2006-09-07,89.955719
2006-09-08,90.211929
2006-09-11,90.301987
2006-09-12,91.188286
2006-09-13,91.555252
2006-09-14,91.562210
2006-09-15,91.777107
2006-09-18,91.902290
2006-09-19,91.672783
2006-09-20,92.159599
2006-09-21,91.714531
2006-09-22,91.436295
2006-09-25,92.138763
2006-09-26,92.903793
2006-09-27,93.015060
2006-09-28,92.980293
2006-09-29,92.903793
2006-10-02,92.556053
2006-10-03,92.750801
2006-10-04,93.835770
2006-10-05,94.016624
2006-10-06,93.898315
2006-10-09,93.954002
2006-10-10,94.079185
2006-10-11,93.967896
2006-10-12,94.781647
2006-10-13,95.025070
2006-10-16,95.171097
2006-10-17,94.872063
2006-10-18,94.997200
2006-10-19,95.150276
2006-10-20,95.171097
2006-10-23,95.609253
2006-10-24,95.894386
2006-10-25,96.221313
2006-10-26,96.520370
2006-10-27,95.915306
2006-10-30,95.845688
2006-10-31,95.831818
2006-11-01,95.185036
2006-11-02,95.129379
2006-11-03,94.962433
2006-11-06,96.033501
2006-11-07,96.402122
2006-11-08,96.610786
2006-11-09,96.103050
2006-11-10,96.144783
2006-11-13,96.381256
2006-11-14,97.104561
2006-11-15,97.382782
2006-11-16,97.633171
2006-11-17,97.660934
2006-11-20,97.716621
2006-11-21,97.814003
2006-11-22,98.008698
2006-11-24,97.612289
2006-11-27,96.270004
2006-11-28,96.687294
2006-11-29,97.695747
2006-11-30,97.737488
2006-12-01,97.521858
2006-12-04,98.266052
2006-12-05,98.690285
2006-12-06,98.606850
2006-12-07,98.175621
2006-12-08,98.356476
2006-12-11,98.641602
2006-12-12,98.565109
2006-12-13,98.669441
2006-12-14,99.538803
2006-12-15,99.547852
2006-12-18,99.275116
2006-12-19,99.463913
2006-12-20,99.408005
2006-12-21,99.044327
2006-12-22,98.435898
2006-12-26,99.016411
2006-12-27,99.666779
2006-12-28,99.456978
2006-12-29,99.044327
2007-01-03,98.869522
2007-01-04,99.079338
2007-01-05,98.288986
2007-01-08,98.743576
2007-01-09,98.659691
2007-01-10,98.988419
2007-01-11,99.421989
2007-01-12,100.177345
2007-01-16,99.981499
2007-01-17,100.023430
2007-01-18,99.687759
2007-01-19,99.883598
2007-01-22,99.575897
2007-01-23,99.869591
2007-01-24,100.673866
2007-01-25,99.491936
2007-01-26,99.400986
2007-01-29,99.345070
2007-01-30,99.862595
2007-01-31,100.534004
2007-02-01,101.135445
2007-02-02,101.275352
2007-02-05,101.303268
2007-02-06,101.331245
2007-02-07,101.555069
2007-02-08,101.422195
2007-02-09,100.666832
2007-02-12,100.324188
2007-02-13,101.170364
2007-02-14,101.834793
2007-02-15,101.967690
2007-02-16,101.918739
2007-02-20,102.135582
2007-02-21,102.093536
2007-02-22,102.016624
2007-02-23,101.618004
2007-02-26,101.527092
2007-02-27,97.561684
2007-02-28,98.561775
2007-03-01,98.268021
2007-03-02,96.981216
2007-03-05,96.058052
2007-03-06,97.701553
2007-03-07,97.603638
2007-03-08,98.428917
2007-03-09,98.456863
2007-03-12,98.603775
2007-03-13,96.687462
2007-03-14,97.407837
2007-03-15,97.540657
2007-03-16,97.267570
2007-03-19,98.440125
2007-03-20,98.980827
2007-03-21,100.609726
2007-03-22,100.532524
2007-03-23,100.679947
2007-03-26,100.546524
2007-03-27,100.307838
2007-03-28,99.577568
2007-03-29,99.682953
2007-03-30,99.703987
2007-04-02,99.816284
2007-04-03,100.890625
2007-04-04,101.002991
2007-04-05,101.276772
2007-04-09,101.417198
2007-04-10,101.536591
2007-04-11,101.122322
2007-04-12,101.571693
2007-04-13,102.035126
2007-04-16,103.004028
2007-04-17,103.277901
2007-04-18,103.404289
2007-04-19,103.376228
2007-04-20,104.352173
2007-04-23,103.958939
2007-04-24,104.001053
2007-04-25,104.956017
2007-04-26,105.075394
2007-04-27,104.991104
2007-04-30,104.120468
2007-05-01,104.387314
2007-05-02,104.998138
2007-05-03,105.566910
2007-05-04,105.967133
2007-05-07,105.988174
2007-05-08,105.847740
2007-05-09,106.135590
2007-05-10,105.026222
2007-05-11,105.924980
2007-05-14,105.693253
2007-05-15,105.721359
2007-05-16,106.444550
2007-05-17,106.233932
2007-05-18,107.160728
2007-05-21,107.104561
2007-05-22,107.020302
2007-05-23,107.034370
2007-05-24,106.065414
2007-05-25,106.507729
2007-05-29,106.893929
2007-05-30,107.764526
2007-05-31,107.652214
2007-06-01,108.185852
2007-06-04,108.199898
2007-06-05,107.771561
2007-06-06,106.613083
2007-06-07,104.689201
2007-06-08,106.051376
2007-06-11,106.233932
2007-06-12,105.075394
2007-06-13,106.648178
2007-06-14,107.329224
2007-06-15,107.939957
2007-06-18,107.812981
2007-06-19,108.080917
2007-06-20,106.578964
2007-06-21,107.171303
2007-06-22,106.162918
2007-06-25,105.655144
2007-06-26,104.569214
2007-06-27,106.057091
2007-06-28,106.043015
2007-06-29,106.078293
2007-07-02,107.037300
2007-07-03,107.425087
2007-07-05,107.312302
2007-07-06,107.876381
2007-07-09,107.961082
2007-07-10,106.423836
2007-07-11,107.178337
2007-07-12,108.870697
2007-07-13,109.195137
2007-07-16,109.180984
2007-07-17,109.124573
2007-07-18,108.927147
2007-07-19,109.350235
2007-07-20,108.243134
2007-07-23,108.574600
2007-07-24,106.691780
2007-07-25,106.910378
2007-07-26,104.378838
2007-07-27,102.326797
2007-07-30,103.927521
2007-07-31,102.756935
2007-08-01,103.257629
2007-08-02,104.082664
2007-08-03,101.403023
2007-08-06,103.102470
2007-08-07,104.202553
2007-08-08,105.655144
2007-08-09,102.524292
2007-08-10,102.044693
2007-08-13,102.411423
2007-08-14,100.845947
2007-08-15,99.456734
2007-08-16,100.204224
2007-08-17,102.044693
2007-08-20,101.995384
2007-08-21,102.199860
2007-08-22,103.412735
2007-08-23,103.321083
2007-08-24,104.597443
2007-08-27,103.624321
2007-08-28,101.346611
2007-08-29,103.335159
2007-08-30,103.060188
2007-08-31,104.075615
2007-09-04,105.126266
2007-09-05,104.216660
2007-09-06,104.456398
2007-09-07,103.003784
2007-09-10,102.806297
2007-09-11,104.005066
2007-09-12,104.273018
2007-09-13,105.006424
2007-09-14,104.999344
2007-09-17,104.435211
2007-09-18,107.509773
2007-09-19,108.144356
2007-09-20,107.382858
2007-09-21,107.672600
2007-09-24,107.474236
2007-09-25,107.261650
2007-09-26,107.828468
2007-09-27,108.466148
2007-09-28,108.104797
2007-10-01,109.323410
2007-10-02,109.174690
2007-10-03,108.955048
2007-10-04,109.125092
2007-10-05,110.421669
2007-10-08,109.833603
2007-10-09,110.868050
2007-10-10,110.683807
2007-10-11,110.152451
2007-10-12,110.761734
2007-10-15,109.826492
2007-10-16,108.955048
2007-10-17,109.288033
2007-10-18,108.891296
2007-10-19,106.043068
2007-10-22,106.659470
2007-10-23,107.523834
2007-10-24,107.325424
2007-10-25,107.580528
2007-10-26,108.841599
2007-10-29,109.202988
2007-10-30,108.444878
2007-10-31,109.571404
2007-11-01,107.006599
2007-11-02,107.127083
2007-11-05,106.312263
2007-11-06,107.743484
2007-11-07,104.796043
2007-11-08,104.264687
2007-11-09,102.833466
2007-11-12,101.813240
2007-11-13,104.916504
2007-11-14,104.626022
2007-11-15,103.116890
2007-11-16,103.294006
2007-11-19,101.855713
2007-11-20,102.479248
2007-11-21,100.381996
2007-11-23,102.117920
2007-11-26,99.864822
2007-11-27,101.012642
2007-11-28,104.243423
2007-11-29,104.278839
2007-11-30,105.327477
2007-12-03,104.633102
2007-12-04,103.697876
2007-12-05,105.433716
2007-12-06,106.942818
2007-12-07,106.921623
2007-12-10,107.750580
2007-12-11,104.796043
2007-12-12,105.830490
2007-12-13,105.610840
2007-12-14,104.271774
2007-12-17,102.783882
2007-12-18,103.357803
2007-12-19,103.357803
2007-12-20,104.009583
2007-12-21,105.508934
2007-12-24,106.292450
2007-12-26,106.520355
2007-12-27,105.181313
2007-12-28,104.917778
2007-12-31,104.141396
2008-01-02,103.229691
2008-01-03,103.179764
2008-01-04,100.651253
2008-01-07,100.565765
2008-01-08,98.941757
2008-01-09,99.981720
2008-01-10,100.637009
2008-01-11,99.825020
2008-01-14,100.629860
2008-01-15,98.414711
2008-01-16,97.567108
2008-01-17,95.038536
2008-01-18,94.062759
2008-01-22,93.108246
2008-01-23,95.344818
2008-01-24,96.149704
2008-01-25,94.760750
2008-01-28,96.327736
2008-01-29,96.804977
2008-01-30,96.092682
2008-01-31,97.844887
2008-02-01,99.419022
2008-02-04,98.165428
2008-02-05,95.537132
2008-02-06,94.767883
2008-02-07,95.394676
2008-02-08,94.782135
2008-02-11,95.266472
2008-02-12,96.149704
2008-02-13,97.132629
2008-02-14,96.277878
2008-02-15,96.256546
2008-02-19,96.527184
2008-02-20,96.812080
2008-02-21,96.007210
2008-02-22,96.598442
2008-02-25,97.816429
2008-02-26,98.550064
2008-02-27,98.450333
2008-02-28,97.488708
2008-02-29,95.316315
2008-03-03,95.088371
2008-03-04,94.725159
2008-03-05,95.323418
2008-03-06,93.350449
2008-03-07,92.388885
2008-03-10,91.170883
2008-03-11,94.447350
2008-03-12,93.564110
2008-03-13,93.770714
2008-03-14,92.317657
2008-03-17,91.384583
2008-03-18,95.181000
2008-03-19,92.823395
2008-03-20,94.542702
2008-03-24,96.432434
2008-03-25,96.525475
2008-03-26,95.344383
2008-03-27,95.043777
2008-03-28,94.134727
2008-03-31,94.463959
2008-04-01,97.785294
2008-04-02,97.849716
2008-04-03,98.093086
2008-04-04,97.985703
2008-04-07,98.035782
2008-04-08,97.935631
2008-04-09,97.226974
2008-04-10,97.362968
2008-04-11,95.473267
2008-04-14,95.151154
2008-04-15,95.373062
2008-04-16,97.957077
2008-04-17,98.100266
2008-04-18,99.123856
2008-04-21,99.173943
2008-04-22,98.737267
2008-04-23,98.579826
2008-04-24,99.009346
2008-04-25,99.925560
2008-04-28,99.946999
2008-04-29,99.553314
2008-04-30,98.966309
2008-05-01,101.013512
2008-05-02,101.292717
2008-05-05,100.805962
2008-05-06,101.679222
2008-05-07,99.868271
2008-05-08,99.610573
2008-05-09,99.424461
2008-05-12,100.541100
2008-05-13,100.555405
2008-05-14,100.763000
2008-05-15,102.022789
2008-05-16,102.115906
2008-05-19,102.395042
2008-05-20,101.564697
2008-05-21,99.846809
2008-05-22,99.861137
2008-05-23,98.522552
2008-05-27,99.252693
2008-05-28,99.710739
2008-05-29,100.211868
2008-05-30,100.462387
2008-06-02,99.424461
2008-06-03,98.844704
2008-06-04,98.794556
2008-06-05,100.770180
2008-06-06,97.556236
2008-06-09,97.792450
2008-06-10,97.305717
2008-06-11,95.874092
2008-06-12,96.239174
2008-06-13,97.456017
2008-06-16,97.513268
2008-06-17,97.040848
2008-06-18,96.096031
2008-06-19,96.217682
2008-06-20,94.655884
2008-06-23,94.562393
2008-06-24,94.375343
2008-06-25,94.821365
2008-06-26,92.246002
2008-06-27,91.742439
2008-06-30,92.066124
2008-07-01,92.353905
2008-07-02,90.771278
2008-07-03,90.864754
2008-07-07,89.936790
2008-07-08,91.533813
2008-07-09,89.771339
2008-07-10,90.138214
2008-07-11,89.087929
2008-07-14,88.282204
2008-07-15,87.037682
2008-07-16,89.174232
2008-07-17,90.066269
2008-07-18,90.627380
2008-07-21,90.677765
2008-07-22,91.706459
2008-07-23,92.202820
2008-07-24,90.289276
2008-07-25,90.267677
2008-07-28,88.944031
2008-07-29,90.843231
2008-07-30,92.461784
2008-07-31,91.238861
2008-08-01,90.756874
2008-08-04,89.915207
2008-08-05,92.339493
2008-08-06,92.749550
2008-08-07,91.368355
2008-08-08,93.066078
2008-08-11,94.030075
2008-08-12,93.051697
2008-08-13,92.490585
2008-08-14,93.188370
2008-08-15,93.641594
2008-08-18,92.361107
2008-08-19,91.353958
2008-08-20,91.778404
2008-08-21,91.936653
2008-08-22,93.267502
2008-08-25,91.375519
2008-08-26,91.641731
2008-08-27,92.533714
2008-08-28,93.655998
2008-08-29,92.648834
2008-09-02,92.073326
2008-09-03,91.994209
2008-09-04,89.224609
2008-09-05,89.505180
2008-09-08,91.353958
2008-09-09,88.641922
2008-09-10,89.001564
2008-09-11,90.289276
2008-09-12,90.706528
2008-09-15,86.390259
2008-09-16,87.836197
2008-09-17,83.886795
2008-09-18,86.375870
2008-09-19,89.806213
2008-09-22,87.773010
2008-09-23,85.776047
2008-09-24,86.050995
2008-09-25,87.396790
2008-09-26,87.440201
2008-09-29,80.588249
2008-09-30,83.923790
2008-10-01,83.974403
2008-10-02,80.928322
2008-10-03,79.835747
2008-10-06,75.769463
2008-10-07,72.376022
2008-10-08,70.552673
2008-10-09,65.625374
2008-10-10,64.033577
2008-10-13,73.331085
2008-10-14,72.245796
2008-10-15,65.133347
2008-10-16,67.846626
2008-10-17,67.441460
2008-10-20,71.493309
2008-10-21,69.358849
2008-10-22,65.581963
2008-10-23,66.341660
2008-10-24,62.977196
2008-10-27,60.741451
2008-10-28,67.839447
2008-10-29,67.347404
2008-10-30,69.677200
2008-10-31,70.060699
2008-11-03,70.263268
2008-11-04,72.650986
2008-11-05,69.597610
2008-11-06,65.741112
2008-11-07,67.911758
2008-11-10,67.021797
2008-11-11,64.952469
2008-11-12,62.094456
2008-11-13,65.965424
2008-11-14,62.673306
2008-11-17,61.841228
2008-11-18,63.006123
2008-11-19,58.968773
2008-11-20,54.591316
2008-11-21,57.536137
2008-11-24,61.522892
2008-11-25,61.978699
2008-11-26,64.373657
2008-11-28,65.183998
2008-12-01,59.410130
2008-12-02,61.696499
2008-12-03,63.179764
2008-12-04,61.718204
2008-12-05,63.621143
2008-12-08,65.842430
2008-12-09,64.757103
2008-12-10,65.198471
2008-12-11,63.628403
2008-12-12,64.388123
2008-12-15,63.490894
2008-12-16,66.479141
2008-12-17,65.835175
2008-12-18,64.605171
2008-12-19,64.327255
2008-12-22,63.503056
2008-12-23,62.846539
2008-12-24,63.211254
2008-12-26,63.575935
2008-12-29,63.393600
2008-12-30,64.896217
2008-12-31,65.822563
2009-01-02,67.806564
2009-01-05,67.726326
2009-01-06,68.178589
2009-01-07,66.136208
2009-01-08,66.406082
2009-01-09,64.983749
2009-01-12,63.422817
2009-01-13,63.539494
2009-01-14,61.540890
2009-01-15,61.562752
2009-01-16,62.044193
2009-01-20,58.769081
2009-01-21,61.307465
2009-01-22,60.359261
2009-01-23,60.621822
2009-01-26,61.037609
2009-01-27,61.657616
2009-01-28,63.743713
2009-01-29,61.672199
2009-01-30,60.417568
2009-02-02,60.235214
2009-02-03,61.081348
2009-02-04,60.782295
2009-02-05,61.686745
2009-02-06,63.444656
2009-02-09,63.532192
2009-02-10,60.621822
2009-02-11,60.979237
2009-02-12,61.023014
2009-02-13,60.366501
2009-02-17,57.784389
2009-02-18,57.645794
2009-02-19,57.025818
2009-02-20,56.471458
2009-02-23,54.450981
2009-02-24,56.515209
2009-02-25,56.070259
2009-02-26,55.158501
2009-02-27,53.925766
2009-03-02,51.496815
2009-03-03,51.110226
2009-03-04,52.321064
2009-03-05,50.183872
2009-03-06,50.271400
2009-03-09,49.680580
2009-03-10,52.641987
2009-03-11,52.984840
2009-03-12,55.070969
2009-03-13,55.501312
2009-03-16,55.333561
2009-03-17,57.025818
2009-03-18,58.302254
2009-03-19,57.580158
2009-03-20,56.354073
2009-03-23,60.401882
2009-03-24,59.211781
2009-03-25,59.836212
2009-03-26,61.055721
2009-03-27,59.953762
2009-03-30,57.882111
2009-03-31,58.418369
2009-04-01,59.549747
2009-04-02,61.290813
2009-04-03,61.900570
2009-04-06,61.415691
2009-04-07,59.983162
2009-04-08,60.629631
2009-04-09,63.039257
2009-04-13,63.053925
2009-04-14,61.966679
2009-04-15,62.627876
2009-04-16,63.546165
2009-04-17,63.972233
2009-04-20,61.290813
2009-04-21,62.488274
2009-04-22,62.106258
2009-04-23,62.716000
2009-04-24,63.663704
2009-04-27,63.061272
2009-04-28,62.862949
2009-04-29,64.199959
2009-04-30,64.221992
2009-05-01,64.567314
2009-05-04,66.763878
2009-05-05,66.536118
2009-05-06,67.689484
2009-05-07,66.749146
2009-05-08,68.306602
2009-05-11,67.028320
2009-05-12,66.829971
2009-05-13,65.147682
2009-05-14,65.705986
2009-05-15,65.169708
2009-05-18,67.020988
2009-05-19,66.940170
2009-05-20,66.492050
2009-05-21,65.537010
2009-05-22,65.397415
2009-05-26,67.072441
2009-05-27,65.874939
2009-05-28,66.793243
2009-05-29,67.976006
2009-06-01,69.621574
2009-06-02,69.680359
2009-06-03,68.798790
2009-06-04,69.445282
2009-06-05,69.459984
2009-06-08,69.173477
2009-06-09,69.526108
2009-06-10,69.349770
2009-06-11,69.658356
2009-06-12,69.849342
2009-06-15,68.247833
2009-06-16,67.322174
2009-06-17,67.256073
2009-06-18,67.748276
2009-06-19,67.998001
2009-06-22,65.958931
2009-06-23,66.010658
2009-06-24,66.579529
2009-06-25,68.027534
2009-06-26,67.850220
2009-06-29,68.485565
2009-06-30,67.931480
2009-07-01,68.212227
2009-07-02,66.350502
2009-07-06,66.343102
2009-07-07,65.057602
2009-07-08,65.013275
2009-07-09,65.138878
2009-07-10,64.983742
2009-07-13,66.564720
2009-07-14,66.941528
2009-07-15,68.899330
2009-07-16,68.788483
2009-07-17,69.542068
2009-07-20,70.280830
2009-07-21,70.605896
2009-07-22,70.591148
2009-07-23,72.150009
2009-07-24,72.445518
2009-07-27,72.659729
2009-07-28,72.319878
2009-07-29,72.142593
2009-07-30,72.896133
2009-07-31,72.999580
2009-08-03,74.203796
2009-08-04,74.395889
2009-08-05,74.181625
2009-08-06,73.797462
2009-08-07,74.765266
2009-08-10,74.610153
2009-08-11,73.679260
2009-08-12,74.469742
2009-08-13,75.038612
2009-08-14,74.462364
2009-08-17,72.630165
2009-08-18,73.206436
2009-08-19,73.849197
2009-08-20,74.610153
2009-08-21,76.072914
2009-08-24,76.065521
2009-08-25,76.213287
2009-08-26,76.220688
2009-08-27,76.390587
2009-08-28,76.375862
2009-08-31,75.696144
2009-09-01,74.026489
2009-09-02,73.745758
2009-09-03,74.358925
2009-09-04,75.400620
2009-09-08,76.050758
2009-09-09,76.634407
2009-09-10,77.417519
2009-09-11,77.402771
2009-09-14,77.779533
2009-09-15,78.104584
2009-09-16,79.286667
2009-09-17,79.168457
2009-09-18,79.218933
2009-09-21,79.018517
2009-09-22,79.478752
2009-09-23,78.818077
2009-09-24,77.949585
2009-09-25,77.533882
2009-09-28,78.922012
2009-09-29,78.684502
2009-09-30,78.380104
2009-10-01,76.435272
2009-10-02,76.078995
2009-10-05,77.214722
2009-10-06,78.320732
2009-10-07,78.535980
2009-10-08,79.137268
2009-10-09,79.619743
2009-10-12,79.931519
2009-10-13,79.768219
2009-10-14,81.141502
2009-10-15,81.438423
2009-10-16,80.829720
2009-10-19,81.497810
2009-10-20,81.067299
2009-10-21,80.339821
2009-10-22,81.156349
2009-10-23,80.228462
2009-10-26,79.359978
2009-10-27,78.996239
2009-10-28,77.504219
2009-10-29,79.166954
2009-10-30,76.873238
2009-11-02,77.437363
2009-11-03,77.682343
2009-11-04,77.882812
2009-11-05,79.315437
2009-11-06,79.523270
2009-11-09,81.334511
2009-11-10,81.349350
2009-11-11,81.765060
2009-11-12,80.933632
2009-11-13,81.371620
2009-11-16,82.551895
2009-11-17,82.648392
2009-11-18,82.596428
2009-11-19,81.520096
2009-11-20,81.230576
2009-11-23,82.262390
2009-11-24,82.388565
2009-11-25,82.678093
2009-11-27,81.334511
2009-11-30,81.609161
2009-12-01,82.618683
2009-12-02,82.581558
2009-12-03,81.935783
2009-12-04,82.403427
2009-12-07,82.277229
2009-12-08,81.364197
2009-12-09,81.668571
2009-12-10,82.128754
2009-12-11,82.477661
2009-12-14,83.041801
2009-12-15,82.655785
2009-12-16,82.781990
2009-12-17,81.787292
2009-12-18,82.250031
2009-12-21,83.085869
2009-12-22,83.384369
2009-12-23,83.548599
2009-12-24,83.944130
2009-12-28,84.123245
2009-12-29,84.003815
2009-12-30,83.973976
2009-12-31,83.167969
2010-01-04,84.578468
2010-01-05,84.802383
2010-01-06,84.862053
2010-01-07,85.220299
2010-01-08,85.503883
2010-01-11,85.623337
2010-01-12,84.824768
2010-01-13,85.541214
2010-01-14,85.772560
2010-01-15,84.809830
2010-01-19,85.869591
2010-01-20,84.996376
2010-01-21,83.362015
2010-01-22,81.503716
2010-01-25,81.921638
2010-01-26,81.578346
2010-01-27,81.966431
2010-01-28,81.026085
2010-01-29,80.145432
2010-02-01,81.391777
2010-02-02,82.376900
2010-02-03,81.966431
2010-02-04,79.436478
2010-02-05,79.600647
2010-02-08,79.025970
2010-02-09,80.018593
2010-02-10,79.861885
2010-02-11,80.697693
2010-02-12,80.630547
2010-02-16,81.899269
2010-02-17,82.287315
2010-02-18,82.772430
2010-02-19,82.944069
2010-02-22,82.959015
2010-02-23,81.951492
2010-02-24,82.705246
2010-02-25,82.593300
2010-02-26,82.645576
2010-03-01,83.503815
2010-03-02,83.735153
2010-03-03,83.809784
2010-03-04,84.063515
2010-03-05,85.265076
2010-03-08,85.280006
2010-03-09,85.421822
2010-03-10,85.802422
2010-03-11,86.160622
2010-03-12,86.168098
2010-03-15,86.190506
2010-03-16,86.877083
2010-03-17,87.392021
2010-03-18,87.347290
2010-03-19,86.905121
2010-03-22,87.369751
2010-03-23,87.984222
2010-03-24,87.557076
2010-03-25,87.414719
2010-03-26,87.362259
2010-03-29,87.916786
2010-03-30,87.976791
2010-03-31,87.676987
2010-04-01,88.276489
2010-04-05,88.995911
2010-04-06,89.205719
2010-04-07,88.696136
2010-04-08,89.003380
2010-04-09,89.587891
2010-04-12,89.730286
2010-04-13,89.797699
2010-04-14,90.816864
2010-04-15,90.891800
2010-04-16,89.445534
2010-04-19,89.782768
2010-04-20,90.584595
2010-04-21,90.419708
2010-04-22,90.689499
2010-04-23,91.281517
2010-04-26,90.936775
2010-04-27,88.786018
2010-04-28,89.460495
2010-04-29,90.569565
2010-04-30,89.033363
2010-05-03,90.187378
2010-05-04,88.066643
2010-05-05,87.542114
2010-05-06,84.634529
2010-05-07,83.375565
2010-05-10,87.047508
2010-05-11,86.800255
2010-05-12,88.014214
2010-05-13,86.920128
2010-05-14,85.346413
2010-05-17,85.391380
2010-05-18,84.229881
2010-05-19,83.750252
2010-05-20,80.587891
2010-05-21,81.764427
2010-05-24,80.715286
2010-05-25,80.797722
2010-05-26,80.310638
2010-05-27,83.000877
2010-05-28,81.959236
2010-06-01,80.580406
2010-06-02,82.678665
2010-06-03,82.963402
2010-06-04,80.048340
2010-06-07,79.051659
2010-06-08,79.898476
2010-06-09,79.471321
2010-06-10,81.794418
2010-06-11,82.191574
2010-06-14,82.064163
2010-06-15,83.930115
2010-06-16,83.900139
2010-06-17,84.035027
2010-06-18,84.126144
2010-06-21,83.885193
2010-06-22,82.499763
2010-06-23,82.243790
2010-06-24,80.880943
2010-06-25,81.219788
2010-06-28,80.963768
2010-06-29,78.463989
2010-06-30,77.718597
2010-07-01,77.372238
2010-07-02,76.950584
2010-07-06,77.455070
2010-07-07,79.894615
2010-07-08,80.685158
2010-07-09,81.287575
2010-07-12,81.340286
2010-07-13,82.567543
2010-07-14,82.560013
2010-07-15,82.582619
2010-07-16,80.308716
2010-07-19,80.783104
2010-07-20,81.679070
2010-07-21,80.617416
2010-07-22,82.416977
2010-07-23,83.132263
2010-07-26,83.998123
2010-07-27,83.990585
2010-07-28,83.448494
2010-07-29,83.041924
2010-07-30,83.026833
2010-08-02,84.901649
2010-08-03,84.495064
2010-08-04,85.059761
2010-08-05,84.969421
2010-08-06,84.623070
2010-08-09,85.074837
2010-08-10,84.615532
2010-08-11,82.296478
2010-08-12,81.791992
2010-08-13,81.551071
2010-08-16,81.513420
2010-08-17,82.514839
2010-08-18,82.665436
2010-08-19,81.227280
2010-08-20,80.963768
2010-08-23,80.655045
2010-08-24,79.457909
2010-08-25,79.766586
2010-08-26,79.232018
2010-08-27,80.459305
2010-08-30,79.292282
2010-08-31,79.292282
2010-09-01,81.664024
2010-09-02,82.424492
2010-09-03,83.493652
2010-09-07,82.552475
2010-09-08,83.132263
2010-09-09,83.516258
2010-09-10,83.937904
2010-09-13,84.871552
2010-09-14,84.818825
2010-09-15,85.142593
2010-09-16,85.120003
2010-09-17,85.151817
2010-09-20,86.453758
2010-09-21,86.279709
2010-09-22,85.855797
2010-09-23,85.159348
2010-09-24,86.915520
2010-09-27,86.499207
2010-09-28,86.802010
2010-09-29,86.650604
2010-09-30,86.393257
2010-10-01,86.756615
2010-10-04,86.105591
2010-10-05,87.839066
2010-10-06,87.831490
2010-10-07,87.725487
2010-10-08,88.217514
2010-10-11,88.300789
2010-10-12,88.573318
2010-10-13,89.262177
2010-10-14,88.913933
2010-10-15,89.095650
2010-10-18,89.534645
2010-10-19,88.361351
2010-10-20,89.224297
2010-10-21,89.421135
2010-10-22,89.587646
2010-10-25,89.852592
2010-10-26,89.867722
2010-10-27,89.610390
2010-10-28,89.625511
2010-10-29,89.693626
2010-11-01,89.723938
2010-11-02,90.435463
2010-11-03,90.798828
2010-11-04,92.547432
2010-11-05,92.895668
2010-11-08,92.721519
2010-11-09,92.055405
2010-11-10,92.426308
2010-11-11,92.078110
2010-11-12,90.988075
2010-11-15,90.859398
2010-11-16,89.443840
2010-11-17,89.489265
2010-11-18,90.806381
2010-11-19,91.056198
2010-11-22,90.980461
2010-11-23,89.663361
2010-11-24,90.988075
2010-11-26,89.928284
2010-11-29,90.200806
2010-11-30,89.693626
2010-12-01,91.601212
2010-12-02,92.774521
2010-12-03,93.024323
2010-12-06,92.925903
2010-12-07,92.978897
2010-12-08,93.319557
2010-12-09,93.682869
2010-12-10,94.227890
2010-12-13,94.288460
2010-12-14,94.371750
2010-12-15,93.940262
2010-12-16,94.485275
2010-12-17,94.586456
2010-12-20,94.814774
2010-12-21,95.415924
2010-12-22,95.712715
2010-12-23,95.575737
2010-12-27,95.613792
2010-12-28,95.750748
2010-12-29,95.819221
2010-12-30,95.667046
2010-12-31,95.689865
2011-01-03,96.679108
2011-01-04,96.625832
2011-01-05,97.128067
2011-01-06,96.937843
2011-01-07,96.747566
2011-01-10,96.625832
2011-01-11,96.968292
2011-01-12,97.843353
2011-01-13,97.683578
2011-01-14,98.391243
2011-01-18,98.558693
2011-01-19,97.592255
2011-01-20,97.462883
2011-01-21,97.683578
2011-01-24,98.239052
2011-01-25,98.292343
2011-01-26,98.672783
2011-01-27,98.916321
2011-01-28,97.188942
2011-01-31,97.919441
2011-02-01,99.487000
2011-02-02,99.296776
2011-02-03,99.517464
2011-02-04,99.798996
2011-02-07,100.422974
2011-02-08,100.879555
2011-02-09,100.651268
2011-02-10,100.689331
2011-02-11,101.290451
2011-02-14,101.533966
2011-02-15,101.214394
2011-02-16,101.853592
2011-02-17,102.157982
2011-02-18,102.371010
2011-02-22,100.316460
2011-02-23,99.700104
2011-02-24,99.631592
2011-02-25,100.696938
2011-02-28,101.320923
2011-03-01,99.631592
2011-03-02,99.844635
2011-03-03,101.564453
2011-03-04,100.803490
2011-03-07,100.012070
2011-03-08,100.887215
2011-03-09,100.742584
2011-03-10,98.878258
2011-03-11,99.563110
2011-03-14,98.961975
2011-03-15,97.828156
2011-03-16,96.017075
2011-03-17,97.287857
2011-03-18,97.641708
2011-03-21,99.154953
2011-03-22,98.810997
2011-03-23,99.093796
2011-03-24,100.041481
2011-03-25,100.347221
2011-03-28,100.102654
2011-03-29,100.775215
2011-03-30,101.470650
2011-03-31,101.333092
2011-04-01,101.761078
2011-04-04,101.845169
2011-04-05,101.829880
2011-04-06,102.150841
2011-04-07,101.890999
2011-04-08,101.539459
2011-04-11,101.233734
2011-04-12,100.477097
2011-04-13,100.469475
2011-04-14,100.545898
2011-04-15,100.912750
2011-04-18,99.781654
2011-04-19,100.354836
2011-04-20,101.722855
2011-04-21,102.242554
2011-04-25,102.135574
2011-04-26,103.014473
2011-04-27,103.686996
2011-04-28,104.023247
2011-04-29,104.267845
2011-05-02,104.107346
2011-05-03,103.732864
2011-05-04,103.045029
2011-05-05,102.112640
2011-05-06,102.563538
2011-05-09,102.960968
2011-05-10,103.839874
2011-05-11,102.746979
2011-05-12,103.236115
2011-05-13,102.441246
2011-05-16,101.791634
2011-05-17,101.776382
2011-05-18,102.685822
2011-05-19,102.930367
2011-05-20,102.112640
2011-05-23,100.928017
2011-05-24,100.843948
2011-05-25,101.180222
2011-05-26,101.646439
2011-05-27,102.036163
2011-05-31,103.098526
2011-06-01,100.782814
2011-06-02,100.675797
2011-06-03,99.674637
2011-06-06,98.619957
2011-06-07,98.558853
2011-06-08,98.146133
2011-06-09,98.895103
2011-06-10,97.519432
2011-06-13,97.595848
2011-06-14,98.833984
2011-06-15,97.076164
2011-06-16,97.290154
2011-06-17,97.580498
2011-06-20,98.079720
2011-06-21,99.423782
2011-06-22,98.824730
2011-06-23,98.540535
2011-06-24,97.396149
2011-06-27,98.264069
2011-06-28,99.546677
2011-06-29,100.399223
2011-06-30,101.359291
2011-07-01,102.856979
2011-07-05,102.772491
2011-07-06,102.895378
2011-07-07,103.962967
2011-07-08,103.225624
2011-07-11,101.359291
2011-07-12,100.921471
2011-07-13,101.259399
2011-07-14,100.560501
2011-07-15,101.144241
2011-07-18,100.314728
2011-07-19,101.943016
2011-07-20,101.881554
2011-07-21,103.294762
2011-07-22,103.363861
2011-07-25,102.787872
2011-07-26,102.403809
2011-07-27,100.307037
2011-07-28,100.015190
2011-07-29,99.331612
2011-08-01,98.909203
2011-08-02,96.382324
2011-08-03,96.904610
2011-08-04,92.365440
2011-08-05,92.227188
2011-08-08,86.221085
2011-08-09,90.230263
2011-08-10,86.244102
2011-08-11,90.115051
2011-08-12,90.721802
2011-08-15,92.641937
2011-08-16,91.850838
2011-08-17,91.912292
2011-08-18,87.949165
2011-08-19,86.512886
2011-08-22,86.582024
2011-08-23,89.431488
2011-08-24,90.691078
2011-08-25,89.308601
2011-08-26,90.606606
2011-08-29,93.210312
2011-08-30,93.456093
2011-08-31,93.870842
2011-09-01,92.887756
2011-09-02,90.514442
2011-09-06,89.853905
2011-09-07,92.388451
2011-09-08,91.428429
2011-09-09,89.032104
2011-09-12,89.608124
2011-09-13,90.429939
2011-09-14,91.681877
2011-09-15,93.264053
2011-09-16,93.816048
2011-09-19,92.881889
2011-09-20,92.773796
2011-09-21,90.040840
2011-09-22,87.130333
2011-09-23,87.655319
2011-09-26,89.739777
2011-09-27,90.743385
2011-09-28,88.890533
2011-09-29,89.593071
2011-09-30,87.354218
2011-10-03,84.868324
2011-10-04,86.728874
2011-10-05,88.334679
2011-10-06,89.932762
2011-10-07,89.330627
2011-10-10,92.318298
2011-10-11,92.410973
2011-10-12,93.221573
2011-10-13,93.036301
2011-10-14,94.626678
2011-10-17,92.820160
2011-10-18,94.634384
2011-10-19,93.514977
2011-10-20,93.924133
2011-10-21,95.707504
2011-10-24,96.880966
2011-10-25,94.997238
2011-10-26,95.962250
2011-10-27,99.305115
2011-10-28,99.281929
2011-10-31,96.888718
2011-11-01,94.186600
2011-11-02,95.722961
2011-11-03,97.467682
2011-11-04,96.873260
2011-11-07,97.475426
2011-11-08,98.726089
2011-11-09,95.082161
2011-11-10,95.977722
2011-11-11,97.784248
2011-11-14,96.857811
2011-11-15,97.336479
2011-11-16,95.792427
2011-11-17,94.271553
2011-11-18,94.171181
2011-11-21,92.380089
2011-11-22,92.017227
2011-11-23,89.986816
2011-11-25,89.816956
2011-11-28,92.418694
2011-11-29,92.681175
2011-11-30,96.494926
2011-12-01,96.479530
2011-12-02,96.394592
2011-12-05,97.444534
2011-12-06,97.475426
2011-12-07,97.838272
2011-12-08,95.692039
2011-12-09,97.313293
2011-12-12,95.892784
2011-12-13,94.997238
2011-12-14,93.985893
2011-12-15,94.325562
2011-12-16,94.465408
2011-12-19,93.455429
2011-12-20,96.283409
2011-12-21,96.469841
2011-12-22,97.324471
2011-12-23,98.194626
2011-12-27,98.272308
2011-12-28,96.982643
2011-12-29,97.984863
2011-12-30,97.503181
2012-01-03,99.056999
2012-01-04,99.212387
2012-01-05,99.476547
2012-01-06,99.220161
2012-01-09,99.461006
2012-01-10,100.323380
2012-01-11,100.377785
2012-01-12,100.618591
2012-01-13,100.098068
2012-01-17,100.486526
2012-01-18,101.597549
2012-01-19,102.133598
2012-01-20,102.514305
2012-01-23,102.250153
2012-01-24,102.133598
2012-01-25,102.988213
2012-01-26,102.459915
2012-01-27,102.413300
2012-01-30,102.063690
2012-01-31,102.024818
2012-02-01,102.918297
2012-02-02,103.081413
2012-02-03,104.526512
2012-02-06,104.456589
2012-02-07,104.720764
2012-02-08,105.031502
2012-02-09,105.163597
2012-02-10,104.386650
2012-02-13,105.163597
2012-02-14,105.031502
2012-02-15,104.542068
2012-02-16,105.699646
2012-02-17,105.979378
2012-02-21,106.025940
2012-02-22,105.684120
2012-02-23,106.150276
2012-02-24,106.383347
2012-02-27,106.562027
2012-02-28,106.872803
2012-02-29,106.453239
2012-03-01,107.004890
2012-03-02,106.678581
2012-03-05,106.243484
2012-03-06,104.689667
2012-03-07,105.419975
2012-03-08,106.468781
2012-03-09,106.880577
2012-03-12,106.888344
2012-03-13,108.815102
2012-03-14,108.698532
2012-03-15,109.327911
2012-03-16,109.479294
2012-03-19,109.908417
2012-03-20,109.588516
2012-03-21,109.409050
2012-03-22,108.620880
2012-03-23,108.972076
2012-03-26,110.501442
2012-03-27,110.158134
2012-03-28,109.611877
2012-03-29,109.424583
2012-03-30,109.877197
2012-04-02,110.680946
2012-04-03,110.228355
2012-04-04,109.135925
2012-04-05,109.081291
2012-04-09,107.856171
2012-04-10,106.045815
2012-04-11,106.904190
2012-04-12,108.301025
2012-04-13,107.013451
2012-04-16,106.943192
2012-04-17,108.527252
2012-04-18,108.160484
2012-04-19,107.466011
2012-04-20,107.645477
2012-04-23,106.740311
2012-04-24,107.146103
2012-04-25,108.613098
2012-04-26,109.369972
2012-04-27,109.549461
2012-04-30,109.143700
2012-05-01,109.822601
2012-05-02,109.494850
2012-05-03,108.659897
2012-05-04,106.904190
2012-05-07,106.982178
2012-05-08,106.553047
2012-05-09,105.920998
2012-05-10,106.139473
2012-05-11,105.819504
2012-05-14,104.649055
2012-05-15,104.048187
2012-05-16,103.650238
2012-05-17,102.113007
2012-05-18,101.239059
2012-05-21,102.979172
2012-05-22,103.158615
2012-05-23,103.213242
2012-05-24,103.416115
2012-05-25,103.080650
2012-05-29,104.329117
2012-05-30,102.815262
2012-05-31,102.589027
2012-06-01,100.006111
2012-06-04,99.959305
2012-06-05,100.716225
2012-06-06,102.979172
2012-06-07,103.041580
2012-06-08,103.860924
2012-06-11,102.542175
2012-06-12,103.720459
2012-06-13,103.057213
2012-06-14,104.149673
2012-06-15,105.214821
2012-06-18,105.418770
2012-06-19,106.438446
2012-06-20,106.265839
2012-06-21,103.881371
2012-06-22,104.681473
2012-06-25,103.002922
2012-06-26,103.520615
2012-06-27,104.453972
2012-06-28,104.155922
2012-06-29,106.752190
2012-07-02,107.073769
2012-07-03,107.779686
2012-07-05,107.293365
2012-07-06,106.273689
2012-07-09,106.140396
2012-07-10,105.214821
2012-07-11,105.230530
2012-07-12,104.720650
2012-07-13,106.477646
2012-07-16,106.226646
2012-07-17,106.956108
2012-07-18,107.748314
2012-07-19,108.030670
2012-07-20,107.042381
2012-07-23,105.959953
2012-07-24,105.050095
2012-07-25,105.073631
2012-07-26,106.807060
2012-07-27,108.775810
2012-07-30,108.775810
2012-07-31,108.014992
2012-08-01,107.920830
2012-08-02,107.175720
2012-08-03,109.301346
2012-08-06,109.513168
2012-08-07,110.062202
2012-08-08,110.195541
2012-08-09,110.289635
2012-08-10,110.470062
2012-08-13,110.415176
2012-08-14,110.430832
2012-08-15,110.556374
2012-08-16,111.372078
2012-08-17,111.521133
2012-08-20,111.528976
2012-08-21,111.191696
2012-08-22,111.238754
2012-08-23,110.328888
2012-08-24,110.995552
2012-08-27,111.019119
2012-08-28,110.909286
2012-08-29,110.995552
2012-08-30,110.195541
2012-08-31,110.721092
2012-09-04,110.619118
2012-09-05,110.524986
2012-09-06,112.768250
2012-09-07,113.207504
2012-09-10,112.564293
2012-09-11,112.878052
2012-09-12,113.254562
2012-09-13,114.980156
2012-09-14,115.489967
2012-09-17,115.097801
2012-09-18,115.003639
2012-09-19,115.066444
2012-09-20,115.074318
2012-09-21,115.026215
2012-09-24,114.852699
2012-09-25,113.630470
2012-09-26,112.991699
2012-09-27,114.056282
2012-09-28,113.527969
2012-10-01,113.827576
2012-10-02,113.945862
2012-10-03,114.411125
2012-10-04,115.231270
2012-10-05,115.239128
2012-10-08,114.844826
2012-10-09,113.709282
2012-10-10,112.983826
2012-10-11,113.046959
2012-10-12,112.676300
2012-10-15,113.614693
2012-10-16,114.765953
2012-10-17,115.286438
2012-10-18,114.986801
2012-10-19,113.070564
2012-10-22,113.086349
2012-10-23,111.517143
2012-10-24,111.201691
2012-10-25,111.525017
2012-10-26,111.461960
2012-10-31,111.461960
2012-11-01,112.628998
2012-11-02,111.627548
2012-11-05,111.856247
2012-11-06,112.731483
2012-11-07,110.176605
2012-11-08,108.851791
2012-11-09,108.946480
2012-11-12,109.033203
2012-11-13,108.654640
2012-11-14,107.187981
2012-11-15,107.006638
2012-11-16,107.534935
2012-11-19,109.711311
2012-11-20,109.758644
2012-11-21,109.963692
2012-11-23,111.461960
2012-11-26,111.225380
2012-11-27,110.657623
2012-11-28,111.548698
2012-11-29,112.069077
2012-11-30,112.092766
2012-12-03,111.540771
2012-12-04,111.383072
2012-12-05,111.580193
2012-12-06,111.958694
2012-12-07,112.297813
2012-12-10,112.345139
2012-12-11,113.110031
2012-12-12,113.165192
2012-12-13,112.471291
2012-12-14,112.053329
2012-12-17,113.370224
2012-12-18,114.631927
2012-12-19,113.780304
2012-12-20,114.434761
2012-12-21,113.396057
2012-12-24,113.046570
2012-12-26,112.570122
2012-12-27,112.419250
2012-12-28,111.204178
2012-12-31,113.094269
2013-01-02,115.992912
2013-01-03,115.730820
2013-01-04,116.239059
2013-01-07,115.921387
2013-01-08,115.587898
2013-01-09,115.881683
2013-01-10,116.802971
2013-01-11,116.794945
2013-01-14,116.715561
2013-01-15,116.794945
2013-01-16,116.779114
2013-01-17,117.533531
2013-01-18,117.795586
2013-01-22,118.430923
2013-01-23,118.621498
2013-01-24,118.653275
2013-01-25,119.320366
2013-01-28,119.177444
2013-01-29,119.646004
2013-01-30,119.177444
2013-01-31,118.883560
2013-02-01,120.106544
2013-02-04,118.756493
2013-02-05,119.955688
2013-02-06,120.042976
2013-02-07,119.884247
2013-02-08,120.551346
2013-02-11,120.527435
2013-02-12,120.726006
2013-02-13,120.829239
2013-02-14,120.940399
2013-02-15,120.797440
2013-02-19,121.702759
2013-02-20,120.185989
2013-02-21,119.455330
2013-02-22,120.622749
2013-02-25,118.327652
2013-02-26,119.137680
2013-02-27,120.638657
2013-02-28,120.400429
2013-03-01,120.797440
2013-03-04,121.440712
2013-03-05,122.528717
2013-03-06,122.695465
2013-03-07,122.917847
2013-03-08,123.442024
2013-03-11,123.910561
2013-03-12,123.632530
2013-03-13,123.807281
2013-03-14,124.466377
2013-03-15,124.302116
2013-03-18,123.616089
2013-03-19,123.328918
2013-03-20,124.190407
2013-03-21,123.129539
2013-03-22,124.118614
2013-03-25,123.600128
2013-03-26,124.589287
2013-03-27,124.589287
2013-03-28,124.972145
2013-04-01,124.477570
2013-04-02,125.091782
2013-04-03,123.823502
2013-04-04,124.326004
2013-04-05,123.767693
2013-04-08,124.605209
2013-04-09,125.035950
2013-04-10,126.567535
2013-04-11,126.982315
2013-04-12,126.671188
2013-04-15,123.735756
2013-04-16,125.562469
2013-04-17,123.727737
2013-04-18,122.954033
2013-04-19,124.022858
2013-04-22,124.573334
2013-04-23,125.857574
2013-04-24,125.937340
2013-04-25,126.447830
2013-04-26,126.224533
2013-04-29,127.070015
2013-04-30,127.373154
2013-05-01,126.256386
2013-05-02,127.429008
2013-05-03,128.721222
2013-05-06,129.048248
2013-05-07,129.702377
2013-05-08,130.292664
2013-05-09,129.925766
2013-05-10,130.348526
2013-05-13,130.452225
2013-05-14,131.800262
2013-05-15,132.510239
2013-05-16,131.888016
2013-05-17,133.164276
2013-05-20,133.156296
2013-05-21,133.347763
2013-05-22,132.358597
2013-05-23,131.975769
2013-05-24,131.864105
2013-05-28,132.653793
2013-05-29,131.792313
2013-05-30,132.278854
2013-05-31,130.380402
2013-06-03,131.098343
2013-06-04,130.468140
2013-06-05,128.641464
2013-06-06,129.806076
2013-06-07,131.457275
2013-06-10,131.457275
2013-06-11,130.101273
2013-06-12,129.024353
2013-06-13,130.986679
2013-06-14,130.165039
2013-06-17,131.170105
2013-06-18,132.207047
2013-06-19,130.380402
2013-06-20,127.149803
2013-06-21,127.557976
2013-06-24,125.946198
2013-06-25,127.157043
2013-06-26,128.416016
2013-06-27,129.169830
2013-06-28,128.640594
2013-07-01,129.394363
2013-07-02,129.274017
2013-07-03,129.330200
2013-07-05,130.725540
2013-07-08,131.471207
2013-07-09,132.417496
2013-07-10,132.465591
2013-07-11,134.269913
2013-07-12,134.325989
2013-07-15,134.839203
2013-07-16,134.334015
2013-07-17,134.678818
2013-07-18,135.416550
2013-07-19,135.657166
2013-07-22,135.921783
2013-07-23,135.633102
2013-07-24,135.135956
2013-07-25,135.464645
2013-07-26,135.608994
2013-07-29,135.191971
2013-07-30,135.191971
2013-07-31,135.288300
2013-08-01,136.852020
2013-08-02,137.084518
2013-08-05,136.884094
2013-08-06,136.106186
2013-08-07,135.665161
2013-08-08,136.162323
2013-08-09,135.769440
2013-08-12,135.608994
2013-08-13,136.010040
2013-08-14,135.312332
2013-08-15,133.419861
2013-08-16,132.978806
2013-08-19,132.128799
2013-08-20,132.778351
2013-08-21,131.960388
2013-08-22,133.163223
2013-08-23,133.612289
2013-08-26,133.115128
2013-08-27,130.974091
2013-08-28,131.439178
2013-08-29,131.647629
2013-08-30,131.230667
2013-09-03,131.824081
2013-09-04,132.914688
2013-09-05,133.083084
2013-09-06,133.147202
2013-09-09,134.422226
2013-09-10,135.416550
2013-09-11,135.841599
2013-09-12,135.480759
2013-09-13,135.785492
2013-09-16,136.571396
2013-09-17,137.180756
2013-09-18,138.768539
2013-09-19,138.535934
2013-09-20,137.567337
2013-09-23,136.930786
2013-09-24,136.608536
2013-09-25,136.213623
2013-09-26,136.737457
2013-09-27,136.108887
2013-09-30,135.383606
2013-10-01,136.455368
2013-10-02,136.326416
2013-10-03,135.069366
2013-10-04,136.092773
2013-10-07,134.916321
2013-10-08,133.344925
2013-10-09,133.441650
2013-10-10,136.318405
2013-10-11,137.196762
2013-10-14,137.744675
2013-10-15,136.745438
2013-10-16,138.655197
2013-10-17,139.581894
2013-10-18,140.524658
2013-10-21,140.532761
2013-10-22,141.346649
2013-10-23,140.669754
2013-10-24,141.137131
2013-10-25,141.781754
2013-10-28,142.007416
2013-10-29,142.764877
2013-10-30,142.055725
2013-10-31,141.652817
2013-11-01,141.991302
2013-11-04,142.490845
2013-11-05,142.039627
2013-11-06,142.764877
2013-11-07,140.959869
2013-11-08,142.861511
2013-11-11,142.885727
2013-11-12,142.595596
2013-11-13,143.739899
2013-11-14,144.457062
2013-11-15,145.085556
2013-11-18,144.577866
2013-11-19,144.263580
2013-11-20,143.812378
2013-11-21,144.972748
2013-11-22,145.697968
2013-11-25,145.552933
2013-11-26,145.593231
2013-11-27,145.947800
2013-11-29,145.851044
2013-12-02,145.472351
2013-12-03,144.843857
2013-12-04,144.827682
2013-12-05,144.191086
2013-12-06,145.802750
2013-12-09,146.173447
2013-12-10,145.649658
2013-12-11,144.013840
2013-12-12,143.538467
2013-12-13,143.522308
2013-12-16,144.416779
2013-12-17,143.957443
2013-12-18,146.415146
2013-12-19,146.245941
2013-12-20,147.096649
2013-12-23,147.882492
2013-12-24,148.206589
2013-12-26,148.960037
2013-12-27,148.951965
2013-12-30,148.927673
2013-12-31,149.632568
2014-01-02,148.198486
2014-01-03,148.174179
2014-01-06,147.744797
2014-01-07,148.652176
2014-01-08,148.684586
2014-01-09,148.781784
2014-01-10,149.186859
2014-01-13,147.201965
2014-01-14,148.806122
2014-01-15,149.608154
2014-01-16,149.413773
2014-01-17,148.781784
2014-01-21,149.219284
2014-01-22,149.316498
2014-01-23,148.093094
2014-01-24,144.933426
2014-01-27,144.220474
2014-01-28,145.079239
2014-01-29,143.685760
2014-01-30,145.208893
2014-01-31,144.358185
2014-02-03,141.109390
2014-02-04,142.097778
2014-02-05,141.919571
2014-02-06,143.791061
2014-02-07,145.573486
2014-02-10,145.840805
2014-02-11,147.436905
2014-02-12,147.509872
2014-02-13,148.271347
2014-02-14,149.089676
2014-02-18,149.267899
2014-02-19,148.279465
2014-02-20,149.154495
2014-02-21,148.984360
2014-02-24,149.810760
2014-02-25,149.753983
2014-02-26,149.762100
2014-02-27,150.548004
2014-02-28,150.928848
2014-03-03,149.867447
2014-03-04,151.973938
2014-03-05,152.111679
2014-03-06,152.460037
2014-03-07,152.524857
2014-03-10,152.443848
2014-03-11,151.690399
2014-03-12,151.730911
2014-03-13,150.029465
2014-03-14,149.608154
2014-03-17,150.961166
2014-03-18,152.038742
2014-03-19,151.228592
2014-03-20,152.111679
2014-03-21,151.521667
2014-03-24,150.895020
2014-03-25,151.611191
2014-03-26,150.520782
2014-03-27,150.203445
2014-03-28,150.943909
2014-03-31,152.180862
2014-04-01,153.189835
2014-04-02,153.702545
2014-04-03,153.499130
2014-04-04,151.684418
2014-04-07,150.008102
2014-04-08,150.626572
2014-04-09,152.245941
2014-04-10,149.047867
2014-04-11,147.705154
2014-04-14,148.868835
2014-04-15,149.894165
2014-04-16,151.464722
2014-04-17,151.676285
2014-04-21,152.205200
2014-04-22,152.896927
2014-04-23,152.538879
2014-04-24,152.848083
2014-04-25,151.594971
2014-04-28,152.074982
2014-04-29,152.783020
2014-04-30,153.238693
2014-05-01,153.254990
2014-05-02,153.035233
2014-05-05,153.328247
2014-05-06,151.993607
2014-05-07,152.888840
2014-05-08,152.726028
2014-05-09,152.953873
2014-05-12,154.443054
2014-05-13,154.581421
2014-05-14,153.849045
2014-05-15,152.498169
2014-05-16,153.027115
2014-05-19,153.588577
2014-05-20,152.620239
2014-05-21,153.906036
2014-05-22,154.280258
2014-05-23,154.898773
2014-05-27,155.850876
2014-05-28,155.736969
2014-05-29,156.542557
2014-05-30,156.794861
2014-06-02,156.973816
2014-06-03,156.892471
2014-06-04,157.209824
2014-06-05,158.235214
2014-06-06,158.991974
2014-06-09,159.154678
2014-06-10,159.170990
2014-06-11,158.617691
2014-06-12,157.494598
2014-06-13,157.974792
2014-06-16,158.104950
2014-06-17,158.544373
2014-06-18,159.708054
2014-06-19,159.887131
2014-06-20,160.211670
2014-06-23,160.162674
2014-06-24,159.197830
2014-06-25,159.917328
2014-06-26,159.802902
2014-06-27,160.113602
2014-06-30,160.031876
2014-07-01,161.102951
2014-07-02,161.266495
2014-07-03,162.059601
2014-07-07,161.495407
2014-07-08,160.457016
2014-07-09,161.176575
2014-07-10,160.538773
2014-07-11,160.759567
2014-07-14,161.569016
2014-07-15,161.266495
2014-07-16,161.863373
2014-07-17,160.023636
2014-07-18,161.658951
2014-07-21,161.356430
2014-07-22,162.059601
2014-07-23,162.419357
2014-07-24,162.427521
2014-07-25,161.667099
2014-07-28,161.732513
2014-07-29,161.037552
2014-07-30,161.062042
2014-07-31,157.881378
2014-08-01,157.399017
2014-08-04,158.535446
2014-08-05,156.998276
2014-08-06,157.047363
2014-08-07,156.196960
2014-08-08,158.004044
2014-08-11,158.461899
2014-08-12,158.241180
2014-08-13,159.312317
2014-08-14,160.064499
2014-08-15,160.031876
2014-08-18,161.372818
2014-08-19,162.215012
2014-08-20,162.648331
2014-08-21,163.122574
2014-08-22,162.869141
2014-08-25,163.694901
2014-08-26,163.801239
2014-08-27,163.735855
2014-08-28,163.645859
2014-08-29,164.111969
2014-09-02,164.030182
2014-09-03,163.940201
2014-09-04,163.703125
2014-09-05,164.438950
2014-09-08,164.013855
2014-09-09,162.975388
2014-09-10,163.588638
2014-09-11,163.776672
2014-09-12,162.820068
2014-09-15,162.697388
2014-09-16,163.923889
2014-09-17,164.144623
2014-09-18,165.019562
2014-09-19,164.870834
2014-09-22,163.597580
2014-09-23,162.661072
2014-09-24,163.934387
2014-09-25,161.289169
2014-09-26,162.570663
2014-09-29,162.274948
2014-09-30,161.847809
2014-10-01,159.654510
2014-10-02,159.679108
2014-10-03,161.437073
2014-10-06,161.248123
2014-10-07,158.759064
2014-10-08,161.535660
2014-10-09,158.331894
2014-10-10,156.524582
2014-10-13,153.953430
2014-10-14,154.191635
2014-10-15,153.148285
2014-10-16,153.016922
2014-10-17,154.824203
2014-10-20,156.327469
2014-10-21,159.424484
2014-10-22,158.290833
2014-10-23,160.130936
2014-10-24,161.363113
2014-10-27,161.141357
2014-10-28,162.989670
2014-10-29,162.743195
2014-10-30,163.786484
2014-10-31,165.659439
2014-11-03,165.749832
2014-11-04,165.174789
2014-11-05,166.218048
2014-11-06,166.883438
2014-11-07,167.039566
2014-11-10,167.565308
2014-11-11,167.729584
2014-11-12,167.548874
2014-11-13,167.737793
2014-11-14,167.778885
2014-11-17,167.885620
2014-11-18,168.855026
2014-11-19,168.583893
2014-11-20,168.879669
2014-11-21,169.783295
2014-11-24,170.259796
2014-11-25,170.136536
2014-11-26,170.571915
2014-11-28,170.210464
2014-12-01,169.027512
2014-12-02,170.120132
2014-12-03,170.777298
2014-12-04,170.588333
2014-12-05,170.867645
2014-12-08,169.725800
2014-12-09,169.610794
2014-12-10,166.891693
2014-12-11,167.737793
2014-12-12,165.026901
2014-12-15,163.893250
2014-12-16,162.578903
2014-12-17,165.766251
2014-12-18,169.865433
2014-12-19,170.588211
2014-12-22,171.372925
2014-12-23,171.604233
2014-12-24,171.620743
2014-12-26,172.174133
2014-12-29,172.405380
2014-12-30,171.480316
2014-12-31,169.778687
2015-01-02,169.687836
2015-01-05,166.623367
2015-01-06,165.053909
2015-01-07,167.110733
2015-01-08,170.076065
2015-01-09,168.713135
2015-01-12,167.391556
2015-01-13,166.920715
2015-01-14,165.912933
2015-01-15,164.393097
2015-01-16,166.549026
2015-01-20,166.904190
2015-01-21,167.746689
2015-01-22,170.241302
2015-01-23,169.307861
2015-01-26,169.704391
2015-01-27,167.465851
2015-01-28,165.318253
2015-01-29,166.846375
2015-01-30,164.748322
2015-02-02,166.788528
2015-02-03,169.200485
2015-02-04,168.556183
2015-02-05,170.257736
2015-02-06,169.786957
2015-02-09,169.027023
2015-02-10,170.827698
2015-02-11,170.926865
2015-02-12,172.570602
2015-02-13,173.281036
2015-02-17,173.553589
2015-02-18,173.570145
2015-02-19,173.446152
2015-02-20,174.487015
2015-02-23,174.462219
2015-02-24,174.957779
2015-02-25,174.809158
2015-02-26,174.602615
2015-02-27,174.007950
2015-03-02,175.106537
2015-03-03,174.387863
2015-03-04,173.652710
2015-03-05,173.842682
2015-03-06,171.397675
2015-03-09,172.108093
2015-03-10,169.316162
2015-03-11,168.919632
2015-03-12,171.067276
2015-03-13,170.018234
2015-03-16,172.289810
2015-03-17,171.777710
2015-03-18,173.842682
2015-03-19,173.049728
2015-03-20,174.577225
2015-03-23,174.237061
2015-03-24,173.257965
2015-03-25,170.719101
2015-03-26,170.312546
2015-03-27,170.702515
2015-03-30,172.785065
2015-03-31,171.275024
2015-04-01,170.669296
2015-04-02,171.283264
2015-04-06,172.436615
2015-04-07,171.980316
2015-04-08,172.561020
2015-04-09,173.324326
2015-04-10,174.270172
2015-04-13,173.482056
2015-04-14,173.813889
2015-04-15,174.593796
2015-04-16,174.543961
2015-04-17,172.536148
2015-04-20,174.112549
2015-04-21,173.905136
2015-04-22,174.759750
2015-04-23,175.199493
2015-04-24,175.606033
2015-04-27,174.875885
2015-04-28,175.431763
2015-04-29,174.709991
2015-04-30,172.959259
2015-05-01,174.834412
2015-05-04,175.332230
2015-05-05,173.324326
2015-05-06,172.610809
2015-05-07,173.299423
2015-05-08,175.581177
2015-05-11,174.743149
2015-05-12,174.220383
2015-05-13,174.253632
2015-05-14,176.070663
2015-05-15,176.261520
2015-05-18,176.809113
2015-05-19,176.751022
2015-05-20,176.626541
2015-05-21,177.140991
2015-05-22,176.717834
2015-05-26,174.817825
2015-05-27,176.477203
2015-05-28,176.278137
2015-05-29,175.182907
2015-06-01,175.539642
2015-06-02,175.365402
2015-06-03,175.830063
2015-06-04,174.344925
2015-06-05,174.046158
2015-06-08,172.975922
2015-06-09,172.950958
2015-06-10,175.025253
2015-06-11,175.589462
2015-06-12,174.245361
2015-06-15,173.498611
2015-06-16,174.444458
2015-06-17,174.726501
2015-06-18,176.543671
2015-06-19,175.759903
2015-06-22,176.660309
2015-06-23,176.785385
2015-06-24,175.501480
2015-06-25,174.967850
2015-06-26,174.934479
2015-06-29,171.266068
2015-06-30,171.624588
2015-07-01,173.000214
2015-07-02,172.841827
2015-07-06,172.349884
2015-07-07,173.433762
2015-07-08,170.524048
2015-07-09,170.832535
2015-07-10,172.983536
2015-07-13,174.892807
2015-07-14,175.651489
2015-07-15,175.593094
2015-07-16,177.002151
2015-07-17,177.152267
2015-07-20,177.243912
2015-07-21,176.543655
2015-07-22,176.226730
2015-07-23,175.234558
2015-07-24,173.417114
2015-07-27,172.408295
2015-07-28,174.525940
2015-07-29,175.726532
2015-07-30,175.768188
2015-07-31,175.501480
2015-08-03,174.909454
2015-08-04,174.567627
2015-08-05,175.142883
2015-08-06,173.708893
2015-08-07,173.375412
2015-08-10,175.559769
2015-08-11,173.975677
2015-08-12,174.184113
2015-08-13,173.967300
2015-08-14,174.601013
2015-08-17,175.576447
2015-08-18,175.067841
2015-08-19,173.683914
2015-08-20,170.057144
2015-08-21,164.937988
2015-08-24,157.992935
2015-08-25,156.133713
2015-08-26,162.128281
2015-08-27,166.138596
2015-08-28,166.146927
2015-08-31,164.804581
2015-09-01,159.885559
2015-09-02,162.920334
2015-09-03,163.037064
2015-09-04,160.569260
2015-09-08,164.604523
2015-09-09,162.403427
2015-09-10,163.287216
2015-09-11,164.029221
2015-09-14,163.420563
2015-09-15,165.463242
2015-09-16,166.897247
2015-09-17,166.522095
2015-09-18,163.800873
2015-09-21,164.647339
2015-09-22,162.510239
2015-09-23,162.250397
2015-09-24,161.663803
2015-09-25,161.621902
2015-09-28,157.565628
2015-09-29,157.657776
2015-09-30,160.599426
2015-10-01,161.018433
2015-10-02,163.423737
2015-10-05,166.331848
2015-10-06,165.761871
2015-10-07,167.119629
2015-10-08,168.628143
2015-10-09,168.728745
2015-10-12,168.887970
2015-10-13,167.823608
2015-10-14,167.019012
2015-10-15,169.583572
2015-10-16,170.354523
2015-10-19,170.438400
2015-10-20,170.220444
2015-10-21,169.164505
2015-10-22,172.022339
2015-10-23,173.908020
2015-10-26,173.480576
2015-10-27,173.145370
2015-10-28,175.114777
2015-10-29,175.014221
2015-10-30,174.259995
2015-11-02,176.321609
2015-11-03,176.832901
2015-11-04,176.296509
2015-11-05,176.120514
2015-11-06,176.028305
2015-11-09,174.385696
2015-11-10,174.787949
2015-11-11,174.100769
2015-11-12,171.670349
2015-11-13,169.742798
2015-11-16,172.324036
2015-11-17,172.198364
2015-11-18,174.930420
2015-11-19,174.779602
2015-11-20,175.416534
2015-11-23,175.215378
2015-11-24,175.450104
2015-11-25,175.424896
2015-11-27,175.626068
2015-11-30,174.896927
2015-12-01,176.564667
2015-12-02,174.762741
2015-12-03,172.315674
2015-12-04,175.676346
2015-12-07,174.611984
2015-12-08,173.438690
2015-12-09,172.089386
2015-12-10,172.533554
2015-12-11,169.189667
2015-12-14,170.044464
2015-12-15,171.829544
2015-12-16,174.343811
2015-12-17,171.687119
2015-12-18,168.628479
2015-12-21,170.019531
2015-12-22,171.562332
2015-12-23,173.686859
2015-12-24,173.400238
2015-12-28,173.003983
2015-12-29,174.850235
2015-12-30,173.610992
2015-12-31,171.874268
2016-01-04,169.471558
2016-01-05,169.758179
2016-01-06,167.616852
2016-01-07,163.595459
2016-01-08,161.799713
2016-01-11,161.959930
2016-01-12,163.266647
2016-01-13,159.194641
2016-01-14,161.808136
2016-01-15,158.334747
2016-01-19,158.545502
2016-01-20,156.513718
2016-01-21,157.390518
2016-01-22,160.619492
2016-01-25,158.191452
2016-01-26,160.349655
2016-01-27,158.604538
2016-01-28,159.430756
2016-01-29,163.317230
2016-02-01,163.258209
2016-02-02,160.315994
2016-02-03,161.277039
2016-02-04,161.530014
2016-02-05,158.452744
2016-02-08,156.319839
2016-02-09,156.328247
2016-02-10,156.193375
2016-02-11,154.161606
2016-02-12,157.339951
2016-02-16,159.995544
2016-02-17,162.609055
2016-02-18,161.943054
2016-02-19,161.867126
2016-02-22,164.210876
2016-02-23,162.136963
2016-02-24,162.878830
2016-02-25,164.851608
2016-02-26,164.472183
2016-02-29,163.182312
2016-03-01,167.018265
2016-03-02,167.768616
2016-03-03,168.426178
2016-03-04,168.974106
2016-03-07,169.109024
2016-03-08,167.262772
2016-03-09,168.088974
2016-03-10,168.223801
2016-03-11,170.938416
2016-03-14,170.719284
2016-03-15,170.441071
2016-03-16,171.427444
2016-03-17,172.515015
2016-03-18,173.192902
2016-03-21,173.438660
2016-03-22,173.345459
2016-03-23,172.201492
2016-03-24,172.125153
2016-03-28,172.226913
2016-03-29,173.820053
2016-03-30,174.582703
2016-03-31,174.158951
2016-04-01,175.345337
2016-04-04,174.777573
2016-04-05,173.031906
2016-04-06,174.921646
2016-04-07,172.828537
2016-04-08,173.294571
2016-04-11,172.887833
2016-04-12,174.497910
2016-04-13,176.260544
2016-04-14,176.268982
2016-04-15,176.074036
2016-04-18,177.311295
2016-04-19,177.870560
2016-04-20,178.040070
2016-04-21,177.082535
2016-04-22,177.082535
2016-04-25,176.777420
2016-04-26,177.040100
2016-04-27,177.404602
2016-04-28,175.794434
2016-04-29,174.845352
2016-05-02,176.235107
2016-05-03,174.701294
2016-05-04,173.726807
2016-05-05,173.692871
2016-05-06,174.328415
2016-05-09,174.472488
2016-05-10,176.641846
2016-05-11,174.989426
2016-05-12,175.040237
2016-05-13,173.514954
2016-05-16,175.226669
2016-05-17,173.591156
2016-05-18,173.642075
2016-05-19,173.040359
2016-05-20,174.133560
2016-05-23,173.896286
2016-05-24,176.150330
2016-05-25,177.345200
2016-05-26,177.396042
2016-05-27,178.158691
2016-05-31,177.819763
2016-06-01,178.184158
2016-06-02,178.726456
2016-06-03,178.192612
2016-06-06,179.099319
2016-06-07,179.378937
2016-06-08,179.963654
2016-06-09,179.717972
2016-06-10,178.014633
2016-06-13,176.641846
2016-06-14,176.294434
2016-06-15,176.048691
2016-06-16,176.574066
2016-06-17,175.916489
2016-06-20,177.049438
2016-06-21,177.551956
2016-06-22,177.262344
2016-06-23,179.570770
2016-06-24,173.122589
2016-06-27,170.021957
2016-06-28,173.088470
2016-06-29,176.035706
2016-06-30,178.437836
2016-07-01,178.812607
2016-07-05,177.526398
2016-07-06,178.591125
2016-07-07,178.480423
2016-07-08,181.138092
2016-07-11,181.776947
2016-07-12,183.097229
2016-07-13,183.071686
2016-07-14,184.093842
2016-07-15,183.846863
2016-07-18,184.340881
2016-07-19,184.153473
2016-07-20,184.920090
2016-07-21,184.221649
2016-07-22,185.047913
2016-07-25,184.545319
2016-07-26,184.630524
2016-07-27,184.434601
2016-07-28,184.647537
2016-07-29,184.945694
2016-08-01,184.792389
2016-08-02,183.608322
2016-08-03,184.145050
2016-08-04,184.340881
2016-08-05,185.848602
2016-08-08,185.737900
2016-08-09,185.848602
2016-08-10,185.388626
2016-08-11,186.248993
2016-08-12,186.087112
2016-08-15,186.623764
2016-08-16,185.661194
2016-08-17,186.010437
2016-08-18,186.427826
2016-08-19,186.155212
2016-08-22,186.146713
2016-08-23,186.521545
2016-08-24,185.567490
2016-08-25,185.439728
2016-08-26,185.090530
2016-08-29,186.001953
2016-08-30,185.695267
2016-08-31,185.167145
2016-09-01,185.175690
2016-09-02,186.010437
2016-09-06,186.572632
2016-09-07,186.555618
2016-09-08,186.129700
2016-09-09,181.674713
2016-09-12,184.281265
2016-09-13,181.632111
2016-09-14,181.564026
2016-09-15,183.378342
2016-09-16,182.669464
2016-09-19,182.703720
2016-09-20,182.712280
2016-09-21,184.766953
2016-09-22,185.931290
2016-09-23,184.912476
2016-09-26,183.414322
2016-09-27,184.552979
2016-09-28,185.468994
2016-09-29,183.790985
2016-09-30,185.177917
2016-10-03,184.732697
2016-10-04,183.790985
2016-10-05,184.604324
2016-10-06,184.732697
2016-10-07,184.099213
2016-10-10,185.058029
2016-10-11,182.720810
2016-10-12,182.960571
2016-10-13,182.361282
2016-10-14,182.455460
2016-10-17,181.821945
2016-10-18,182.960571
2016-10-19,183.448502
2016-10-20,183.106064
2016-10-21,183.191681
2016-10-24,183.970749
2016-10-25,183.354401
2016-10-26,182.986252
2016-10-27,182.498291
2016-10-28,181.958908
2016-10-31,181.967499
2016-11-01,180.649048
2016-11-02,179.561768
2016-11-03,178.739944
2016-11-04,178.542969
2016-11-07,182.481110
2016-11-08,183.302994
2016-11-09,185.246445
2016-11-10,185.708694
2016-11-11,185.280640
2016-11-14,185.426147
2016-11-15,186.873032
2016-11-16,186.521957
2016-11-17,187.480850
2016-11-18,187.061356
2016-11-21,188.473923
2016-11-22,188.842072
2016-11-23,188.944794
2016-11-25,189.646866
2016-11-28,188.756485
2016-11-29,189.124573
2016-11-30,188.670822
2016-12-01,187.977417
2016-12-02,188.071579
2016-12-05,189.201630
2016-12-06,189.800903
2016-12-07,192.283691
2016-12-08,192.754517
2016-12-09,193.918839
2016-12-12,193.696243
2016-12-13,194.988968
2016-12-14,193.379456
2016-12-15,194.175690
2016-12-16,193.795929
2016-12-19,194.217880
2016-12-20,194.967102
2016-12-21,194.424576
2016-12-22,194.088745
2016-12-23,194.372879
2016-12-27,194.855164
2016-12-28,193.244781
2016-12-29,193.201706
2016-12-30,192.495529
2017-01-03,193.968170
2017-01-04,195.122116
2017-01-05,194.967102
2017-01-06,195.664627
2017-01-09,195.018768
2017-01-10,195.018768
2017-01-11,195.569885
2017-01-12,195.079025
2017-01-13,195.526855
2017-01-17,194.837906
2017-01-18,195.268524
2017-01-19,194.545135
2017-01-20,195.259888
2017-01-23,194.751816
2017-01-24,196.000473
2017-01-25,197.696991
2017-01-26,197.490295
2017-01-27,197.180283
2017-01-30,195.957458
2017-01-31,195.940216
2017-02-01,196.017761
2017-02-02,196.146912
2017-02-03,197.498962
2017-02-06,197.145828
2017-02-07,197.154465
2017-02-08,197.412796
2017-02-09,198.583984
2017-02-10,199.367676
2017-02-13,200.452713
2017-02-14,201.253616
2017-02-15,202.304245
2017-02-16,202.131958
2017-02-17,202.450607
2017-02-21,203.656189
2017-02-22,203.475372
2017-02-23,203.613174
2017-02-24,203.871521
2017-02-27,204.190155
2017-02-28,203.639008
2017-03-01,206.489441
2017-03-02,205.189117
2017-03-03,205.318253
2017-03-06,204.706848
2017-03-07,204.095398
2017-03-08,203.716522
2017-03-09,203.974884
2017-03-10,204.689636
2017-03-13,204.792969
2017-03-14,204.009308
2017-03-15,205.774658
2017-03-16,205.369873
2017-03-17,205.009277
2017-03-20,204.784393
2017-03-21,202.155045
2017-03-22,202.630768
2017-03-23,202.414536
2017-03-24,202.267532
2017-03-27,202.059906
2017-03-28,203.530319
2017-03-29,203.720520
2017-03-30,204.369186
2017-03-31,203.893555
2017-04-03,203.538940
2017-04-04,203.668655
2017-04-05,203.063217
2017-04-06,203.634048
2017-04-07,203.426468
2017-04-10,203.547531
2017-04-11,203.305389
2017-04-12,202.414536
2017-04-13,201.099808
2017-04-17,202.881577
2017-04-18,202.276169
2017-04-19,201.904266
2017-04-20,203.547531
2017-04-21,202.898895
2017-04-24,205.130356
2017-04-25,206.323883
2017-04-26,206.194153
2017-04-27,206.367157
2017-04-28,205.917465
2017-05-01,206.436340
2017-05-02,206.514206
2017-05-03,206.263336
2017-05-04,206.505585
2017-05-05,207.318542
2017-05-08,207.283951
2017-05-09,207.093658
2017-05-10,207.465607
2017-05-11,207.041855
2017-05-12,206.695831
2017-05-15,207.837524
2017-05-16,207.647247
2017-05-17,203.962723
2017-05-18,204.784393
2017-05-19,206.116318
2017-05-22,207.162903
2017-05-23,207.621262
2017-05-24,208.105621
2017-05-25,209.100281
2017-05-26,209.057068
2017-05-30,208.875381
2017-05-31,208.823517
2017-06-01,210.484146
2017-06-02,211.184723
2017-06-05,211.029007
2017-06-06,210.354401
2017-06-07,210.743591
2017-06-08,210.847427
2017-06-09,210.527359
2017-06-12,210.484146
2017-06-13,211.513382
2017-06-14,211.245224
2017-06-15,210.838760
2017-06-16,210.884811
2017-06-19,212.640427
2017-06-20,211.206375
2017-06-21,211.154251
2017-06-22,211.058640
2017-06-23,211.310638
2017-06-26,211.449753
2017-06-27,209.746201
2017-06-28,211.623550
2017-06-29,209.763657
2017-06-30,210.154755
2017-07-03,210.511108
2017-07-05,210.997803
2017-07-06,209.068344
2017-07-07,210.424210
2017-07-10,210.650116
2017-07-11,210.493744
2017-07-12,212.075470
2017-07-13,212.431870
2017-07-14,213.422668
2017-07-17,213.396591
2017-07-18,213.509598
2017-07-19,214.665527
2017-07-20,214.761093
2017-07-21,214.569931
2017-07-24,214.517731
2017-07-25,215.039230
2017-07-26,215.047913
2017-07-27,214.847992
2017-07-28,214.595993
2017-07-31,214.474289
2017-08-01,214.952286
2017-08-02,215.056610
2017-08-03,214.639435
2017-08-04,215.030563
2017-08-07,215.430359
2017-08-08,214.900162
2017-08-09,214.891464
2017-08-10,211.858215
2017-08-11,212.171082
2017-08-14,214.274414
2017-08-15,214.248306
2017-08-16,214.622086
2017-08-17,211.275894
2017-08-18,210.945679
2017-08-21,211.110718
2017-08-22,213.318359
2017-08-23,212.553558
2017-08-24,212.058105
2017-08-25,212.553558
2017-08-28,212.562256
2017-08-29,212.805527
2017-08-30,213.813766
2017-08-31,215.100052
2017-09-01,215.404282
2017-09-05,213.857269
2017-09-06,214.587280
2017-09-07,214.561203
2017-09-08,214.309189
2017-09-11,216.594955
2017-09-12,217.325043
2017-09-13,217.429291
2017-09-14,217.359787
2017-09-15,217.652390
2017-09-18,218.115356
2017-09-19,218.333725
2017-09-20,218.412247
2017-09-21,217.827087
2017-09-22,217.870728
2017-09-25,217.425278
2017-09-26,217.556320
2017-09-27,218.403580
2017-09-28,218.665573
2017-09-29,219.434280
2017-10-02,220.386322
2017-10-03,220.857925
2017-10-04,221.119965
2017-10-05,222.430145
2017-10-06,222.176788
2017-10-09,221.809937
2017-10-10,222.395218
2017-10-11,222.744553
2017-10-12,222.412643
2017-10-13,222.683380
2017-10-16,222.980392
2017-10-17,223.137589
2017-10-18,223.355988
2017-10-19,223.417099
2017-10-20,224.570053
2017-10-23,223.696625
2017-10-24,224.089676
2017-10-25,222.980392
2017-10-26,223.268616
2017-10-27,225.094070
2017-10-30,224.255615
2017-10-31,224.604965
2017-11-01,224.901962
2017-11-02,224.989334
2017-11-03,225.740509
2017-11-06,226.089813
2017-11-07,225.932617
2017-11-08,226.316910
2017-11-09,225.495941
2017-11-10,225.426041
2017-11-13,225.635635
2017-11-14,225.111649
2017-11-15,223.984924
2017-11-16,225.888931
2017-11-17,225.225143
2017-11-20,225.609451
2017-11-21,227.085510
2017-11-22,226.884659
2017-11-24,227.408722
2017-11-27,227.295197
2017-11-28,229.600998
2017-11-29,229.461365
2017-11-30,231.470245
2017-12-01,230.989792
2017-12-04,230.710358
2017-12-05,229.880585
2017-12-06,229.924225
2017-12-07,230.649231
2017-12-08,231.906921
2017-12-11,232.605698
2017-12-12,233.016190
2017-12-13,232.990005
2017-12-14,232.037903
2017-12-15,233.970306
2017-12-18,235.453918
2017-12-19,234.549683
2017-12-20,234.426712
2017-12-21,234.909637
2017-12-22,234.848114
2017-12-26,234.567169
2017-12-27,234.681412
2017-12-28,235.164215
2017-12-29,234.277451
2018-01-02,235.954300
2018-01-03,237.446823
2018-01-04,238.447510
2018-01-05,240.036560
2018-01-08,240.475571
2018-01-09,241.019806
2018-01-10,240.651062
2018-01-11,242.406860
2018-01-12,243.987091
2018-01-16,243.153122
2018-01-17,245.470688
2018-01-18,245.058258
2018-01-19,246.173050
2018-01-22,248.174698
2018-01-23,248.701523
2018-01-24,248.604889
2018-01-25,248.710190
2018-01-26,251.589722
2018-01-29,249.921768
2018-01-30,247.358292
2018-01-31,247.481049
2018-02-01,247.200211
2018-02-02,241.818619
2018-02-05,231.705276
2018-02-06,236.270325
2018-02-07,234.988556
2018-02-08,226.174438
2018-02-09,229.571884
2018-02-12,232.943146
2018-02-13,233.522507
2018-02-14,236.674133
2018-02-15,239.694168
2018-02-16,239.764389
2018-02-20,238.263199
2018-02-21,237.078049
2018-02-22,237.385254
2018-02-23,241.168991
2018-02-26,243.969513
2018-02-27,240.923218
2018-02-28,238.482666
2018-03-01,235.014984
2018-03-02,236.226410
2018-03-05,238.956711
2018-03-06,239.562469
2018-03-07,239.474762
2018-03-08,240.633545
2018-03-09,244.821060
2018-03-12,244.513870
2018-03-13,242.933670
2018-03-14,241.687012
2018-03-15,241.423569
2018-03-16,241.685410
2018-03-19,238.415329
2018-03-20,238.820862
2018-03-21,238.362427
2018-03-22,232.404114
2018-03-23,227.450455
2018-03-26,233.673294
2018-03-27,229.698120
2018-03-28,229.019470
2018-03-29,231.945679
2018-04-02,226.939255
2018-04-03,229.847931
2018-04-04,232.307129
2018-04-05,234.140488
2018-04-06,228.922485
2018-04-09,230.050644
2018-04-10,233.708572
2018-04-11,232.483429
2018-04-12,234.396057
2018-04-13,233.708572
2018-04-16,235.630035
2018-04-17,238.150955
2018-04-18,238.327301
2018-04-19,237.005066
2018-04-20,234.995453
2018-04-23,234.960205
2018-04-24,231.795898
2018-04-25,232.368759
2018-04-26,234.731033
2018-04-27,234.951401
2018-04-30,233.144470
2018-05-01,233.558670
2018-05-02,231.989822
2018-05-03,231.478592
2018-05-04,234.475403
2018-05-07,235.268707
2018-05-08,235.268707
2018-05-09,237.542770
2018-05-10,239.763916
2018-05-11,240.495514
2018-05-14,240.610138
2018-05-15,238.953018
2018-05-16,239.957794
2018-05-17,239.755142
2018-05-18,239.155716
2018-05-21,240.953827
2018-05-22,240.283981
2018-05-23,240.944992
2018-05-24,240.451431
2018-05-25,239.878510
2018-05-29,237.119659
2018-05-30,240.283981
2018-05-31,238.811966
2018-06-01,241.156525
2018-06-04,242.302368
2018-06-05,242.478729
2018-06-06,244.505920
2018-06-07,244.479584
2018-06-08,245.202209
2018-06-11,245.528503
2018-06-12,245.845764
2018-06-13,245.061234
2018-06-14,245.678284
2018-06-15,245.364868
2018-06-18,244.860168
2018-06-19,243.921661
2018-06-20,244.337769
2018-06-21,242.806046
2018-06-22,243.248779
2018-06-25,239.937454
2018-06-26,240.468689
2018-06-27,238.476593
2018-06-28,239.840118
2018-06-29,240.185364
2018-07-02,240.698853
2018-07-03,239.848923
2018-07-05,241.805588
2018-07-06,243.850861
2018-07-09,246.046524
2018-07-10,246.931992
2018-07-11,245.125778
2018-07-12,247.348083
2018-07-13,247.542831
2018-07-16,247.321579
2018-07-17,248.321991
2018-07-18,248.844360
2018-07-19,247.905914
2018-07-20,247.622574
2018-07-23,248.082916
2018-07-24,249.331299
2018-07-25,251.456238
2018-07-26,250.862976
2018-07-27,249.163101
2018-07-30,247.861649
2018-07-31,249.083374
2018-08-01,248.667297
2018-08-02,250.021988
2018-08-03,251.093201
2018-08-06,252.014053
2018-08-07,252.846313
2018-08-08,252.740067
2018-08-09,252.394730
2018-08-10,250.703613
2018-08-13,249.765198
2018-08-14,251.358887
2018-08-15,249.481888
2018-08-16,251.500473
2018-08-17,252.385880
2018-08-20,252.926025
2018-08-21,253.519119
2018-08-22,253.368744
2018-08-23,253.032303
2018-08-24,254.555145
2018-08-27,256.564850
2018-08-28,256.688873
2018-08-29,258.069946
2018-08-30,257.025330
2018-08-31,257.034119
2018-09-04,256.591400
2018-09-05,255.900803
2018-09-06,255.130554
2018-09-07,254.634811
2018-09-10,255.077408
2018-09-11,255.918564
2018-09-12,255.980515
2018-09-13,257.494537
2018-09-14,257.538788
2018-09-17,256.175262
2018-09-18,257.565338
2018-09-19,257.839844
2018-09-20,259.929291
2018-09-21,259.691833
2018-09-24,258.829132
2018-09-25,258.588959
2018-09-26,257.815247
2018-09-27,258.535614
2018-09-28,258.562317
2018-10-01,259.460510
2018-10-02,259.309479
2018-10-03,259.451691
2018-10-04,257.423889
2018-10-05,255.983093
2018-10-08,255.983093
2018-10-09,255.609467
2018-10-10,247.516144
2018-10-11,242.064224
2018-10-12,245.426102
2018-10-15,244.047531
2018-10-16,249.383865
2018-10-17,249.428329
2018-10-18,245.826324
2018-10-19,245.692932
2018-10-22,244.590057
2018-10-23,243.344925
2018-10-24,235.971909
2018-10-25,240.205307
2018-10-26,235.980759
2018-10-29,234.673355
2018-10-30,238.150879
2018-10-31,240.694595
2018-11-01,243.255966
2018-11-02,241.815201
2018-11-05,243.149261
2018-11-06,244.688004
2018-11-07,249.926407
2018-11-08,249.472809
2018-11-09,247.035843
2018-11-12,242.419998
2018-11-13,241.966354
2018-11-14,240.312119
2018-11-15,242.820129
2018-11-16,243.451599
2018-11-19,239.333771
2018-11-20,234.904572
2018-11-21,235.705093
2018-11-23,234.130875
2018-11-26,237.910751
2018-11-27,238.711212
2018-11-28,244.207611
2018-11-29,243.673965
2018-11-30,245.159225
2018-12-03,248.405426
2018-12-04,240.356613
2018-12-06,239.991898
2018-12-07,234.415497
2018-12-10,234.860168
2018-12-11,234.913483
2018-12-12,236.096466
2018-12-13,236.016312
2018-12-14,231.658447
2018-12-17,227.113632
2018-12-18,226.864563
2018-12-19,223.467117
2018-12-20,219.829575
2018-12-21,215.325317
2018-12-24,209.635818
2018-12-26,220.227631
2018-12-27,221.918396
2018-12-28,221.632111
2018-12-31,223.573364
2019-01-02,223.805939
2019-01-03,218.465332
2019-01-04,225.783005
2019-01-07,227.563187
2019-01-08,229.701248
2019-01-09,230.774719
2019-01-10,231.588852
2019-01-11,231.678268
2019-01-14,230.264801
2019-01-15,232.903885
2019-01-16,233.467422
2019-01-17,235.238678
2019-01-18,238.369644
2019-01-22,235.149231
2019-01-23,235.641235
2019-01-24,235.766464
2019-01-25,237.761398
2019-01-28,235.954361
2019-01-29,235.641235
2019-01-30,239.371658
2019-01-31,241.473846
2019-02-01,241.590256
2019-02-04,243.289886
2019-02-05,244.309738
2019-02-06,243.987625
2019-02-07,241.661850
2019-02-08,241.956985
2019-02-11,242.091248
2019-02-12,245.204346
2019-02-13,246.000473
2019-02-14,245.454834
2019-02-15,248.129623
2019-02-19,248.559021
2019-02-20,249.059967
2019-02-21,248.174362
2019-02-22,249.713028
2019-02-25,250.052887
2019-02-26,249.874039
2019-02-27,249.766693
2019-02-28,249.301483
2019-03-01,250.858093
2019-03-04,249.945541
2019-03-05,249.605652
2019-03-06,248.093750
2019-03-07,246.018402
2019-03-08,245.526367
2019-03-11,249.086777
2019-03-12,250.026093
2019-03-13,251.681030
2019-03-14,251.520050
2019-03-15,252.762741
2019-03-18,253.679260
2019-03-19,253.742096
2019-03-20,252.978302
2019-03-21,255.835587
2019-03-22,250.911697
2019-03-25,250.723053
2019-03-26,252.592010
2019-03-27,251.271133
2019-03-28,252.223587
2019-03-29,253.813919
2019-04-01,256.824005
2019-04-02,256.949768
2019-04-03,257.354156
2019-04-04,258.036957
2019-04-05,259.285919
2019-04-08,259.483582
2019-04-09,258.153778
2019-04-10,259.034363
2019-04-11,258.962494
2019-04-12,260.714600
2019-04-15,260.543854
2019-04-16,260.714600
2019-04-17,260.076569
2019-04-18,260.588745
2019-04-22,260.813477
2019-04-23,263.158569
2019-04-24,262.574615
2019-04-25,262.412781
2019-04-26,263.634827
2019-04-29,264.048126
2019-04-30,264.182892
2019-05-01,262.197113
2019-05-02,261.631073
2019-05-03,264.191772
2019-05-06,263.104736
2019-05-07,258.710876
2019-05-08,258.351562
2019-05-09,257.569824
2019-05-10,258.863586
2019-05-13,252.358383
2019-05-14,254.640579
2019-05-15,256.132202
2019-05-16,258.504242
2019-05-17,256.833038
2019-05-20,255.134842
2019-05-21,257.435059
2019-05-22,256.644287
2019-05-23,253.508408
2019-05-24,254.083542
2019-05-28,251.720474
2019-05-29,250.031143
2019-05-30,250.714020
2019-05-31,247.335602
2019-06-03,246.706589
2019-06-04,252.061844
2019-06-05,254.245285
2019-06-06,255.898529
2019-06-07,258.459351
2019-06-10,259.645325
2019-06-11,259.582489
2019-06-12,259.124298
2019-06-13,260.193512
2019-06-14,259.905975
2019-06-17,260.004730
2019-06-18,262.727264
2019-06-19,263.320343
2019-06-20,265.836182
2019-06-21,265.449738
2019-06-24,265.124725
2019-06-25,262.524384
2019-06-26,262.262512
2019-06-27,263.192535
2019-06-28,264.546906
2019-07-01,266.948578
2019-07-02,267.643738
2019-07-03,269.783630
2019-07-05,269.476654
2019-07-08,267.995850
2019-07-09,268.329926
2019-07-10,269.612061
2019-07-11,270.244080
2019-07-12,271.453949
2019-07-15,271.544281
2019-07-16,270.668335
2019-07-17,268.826477
2019-07-18,269.810699
2019-07-19,268.311798
2019-07-22,268.970917
2019-07-23,270.894104
2019-07-24,272.167236
2019-07-25,270.867004
2019-07-26,272.681885
2019-07-29,272.185272
2019-07-30,271.517151
2019-07-31,268.546631
2019-08-01,266.208221
2019-08-02,264.203766
2019-08-05,256.258331
2019-08-06,259.851807
2019-08-07,260.005341
2019-08-08,265.106659
2019-08-09,263.300873
2019-08-12,260.095581
2019-08-13,264.140564
2019-08-14,256.330536
2019-08-15,257.007660
2019-08-16,260.799805
2019-08-19,263.941925
2019-08-20,261.919403
2019-08-21,264.050232
2019-08-22,263.968964
2019-08-23,257.188293
2019-08-26,260.032379
2019-08-27,259.012146
2019-08-28,260.836060
2019-08-29,264.167633
2019-08-30,264.050232
2019-09-03,262.506226
2019-09-04,265.485870
2019-09-05,268.898743
2019-09-06,269.106445
2019-09-09,269.241913
2019-09-10,269.178650
2019-09-11,271.092743
2019-09-12,272.031860
2019-09-13,271.851196
2019-09-16,271.011505
2019-09-17,271.697784
2019-09-18,271.860260
2019-09-19,271.842133
2019-09-20,270.557831
2019-09-23,270.494263
2019-09-24,268.371704
2019-09-25,269.959106
2019-09-26,269.396698
2019-09-27,267.945465
2019-09-30,269.188110
2019-10-01,265.986145
2019-10-02,261.287628
2019-10-03,263.428284
2019-10-04,266.993103
2019-10-07,265.841064
2019-10-08,261.713928
2019-10-09,264.199341
2019-10-10,265.986145
2019-10-11,268.743591
2019-10-14,268.444305
2019-10-15,271.102020
2019-10-16,270.666595
2019-10-17,271.464813
2019-10-18,270.276611
2019-10-21,272.108856
2019-10-22,271.219910
2019-10-23,272.009064
2019-10-24,272.453613
2019-10-25,273.569244
2019-10-28,275.111206
2019-10-29,275.029510
2019-10-30,275.873169
2019-10-31,275.138397
2019-11-01,277.687286
2019-11-04,278.803040
2019-11-05,278.494598
2019-11-06,278.558075
2019-11-07,279.537628
2019-11-08,280.227051
2019-11-11,279.691864
2019-11-12,280.281494
2019-11-13,280.372192
2019-11-14,280.780365
2019-11-15,282.812103
2019-11-18,283.020630
2019-11-19,282.939178
2019-11-20,281.886963
2019-11-21,281.433472
2019-11-22,282.059326
2019-11-25,284.245178
2019-11-26,284.889282
2019-11-27,286.159271
2019-11-29,285.098022
2019-12-02,282.676117
2019-12-03,280.780365
2019-12-04,282.512787
2019-12-05,283.020630
2019-12-06,285.605957
2019-12-09,284.707886
2019-12-10,284.390411
2019-12-11,285.197754
2019-12-12,287.655884
2019-12-13,287.828186
2019-12-16,289.805542
2019-12-17,289.869110
2019-12-18,289.887238
2019-12-19,291.075439
2019-12-20,292.351654
2019-12-23,292.798279
2019-12-24,292.807373
2019-12-26,294.366028
2019-12-27,294.293091
2019-12-30,292.670654
2019-12-31,293.381592
2020-01-02,296.125305
2020-01-03,293.882904
2020-01-06,295.004089
2020-01-07,294.174622
2020-01-08,295.742493
2020-01-09,297.747833
2020-01-10,296.891052
2020-01-13,298.932800
2020-01-14,298.477081
2020-01-15,299.151520
2020-01-16,301.639954
2020-01-17,302.578857
2020-01-21,301.986359
2020-01-22,302.022797
2020-01-23,302.369232
2020-01-24,299.680206
2020-01-27,294.876495
2020-01-28,297.966644
2020-01-29,297.720428
2020-01-30,298.686707
2020-01-31,293.263123
2020-02-03,295.441650
2020-02-04,299.944519
2020-02-05,303.408356
2020-02-06,304.429260
2020-02-07,302.806793
2020-02-10,305.067291
2020-02-11,305.595978
2020-02-12,307.564911
2020-02-13,307.236786
2020-02-14,307.728943
2020-02-18,306.935913
2020-02-19,308.403442
2020-02-20,307.136505
2020-02-21,303.973450
2020-02-24,293.892029
2020-02-25,284.986542
2020-02-26,283.938232
2020-02-27,271.186127
2020-02-28,270.046722
2020-03-02,281.741547
2020-03-03,273.674561
2020-03-04,285.177948
2020-03-05,275.698029
2020-03-06,271.140533
2020-03-09,249.965942
2020-03-10,262.900391
2020-03-11,250.084427
2020-03-12,226.157089
2020-03-13,245.490372
2020-03-16,218.627869
2020-03-17,230.432068
2020-03-18,218.764648
2020-03-19,219.229507
2020-03-20,209.781982
2020-03-23,204.418304
2020-03-24,222.939194
2020-03-25,226.276657
2020-03-26,239.488876
2020-03-27,232.355591
2020-03-30,239.901489
2020-03-31,236.325668
2020-04-01,225.689835
2020-04-02,230.897720
2020-04-03,227.560272
2020-04-06,242.844681
2020-04-07,243.092224
2020-04-08,251.252411
2020-04-09,255.075882
2020-04-13,252.746964
2020-04-14,260.201233
2020-04-15,254.672348
2020-04-16,255.901016
2020-04-17,262.814270
2020-04-20,258.184052
2020-04-21,250.344727
2020-04-22,255.901016
2020-04-23,255.882599
2020-04-24,259.449371
2020-04-27,263.190155
2020-04-28,261.979919
2020-04-29,268.838135
2020-04-30,266.335114
2020-05-01,259.284363
2020-05-04,259.999451
2020-05-05,262.401703
2020-05-06,260.622955
2020-05-07,263.767792
2020-05-08,268.132141
2020-05-11,268.187256
2020-05-12,262.841797
2020-05-13,258.193237
2020-05-14,261.283142
2020-05-15,262.484192
2020-05-18,270.479370
2020-05-19,267.701263
2020-05-20,272.248932
2020-05-21,270.369415
2020-05-22,270.882874
2020-05-26,274.220245
2020-05-27,278.300415
2020-05-28,277.786896
2020-05-29,279.024719
2020-06-01,280.152435
2020-06-02,282.472198
2020-06-03,286.231354
2020-06-04,285.479523
2020-06-05,292.796234
2020-06-08,296.335388
2020-06-09,294.125732
2020-06-10,292.484436
2020-06-11,275.623108
2020-06-12,278.923889
2020-06-15,281.527802
2020-06-16,286.946533
2020-06-17,285.754639
2020-06-18,285.864594
2020-06-19,284.230957
2020-06-22,286.054321
2020-06-23,287.371246
2020-06-24,280.040802
2020-06-25,283.042999
2020-06-26,276.320251
2020-06-29,280.381561
2020-06-30,283.973083
2020-07-01,285.962280
2020-07-02,287.537018
2020-07-06,291.975830
2020-07-07,288.964447
2020-07-08,291.174683
2020-07-09,289.517059
2020-07-10,292.473145
2020-07-13,289.940552
2020-07-14,293.697968
2020-07-15,296.396149
2020-07-16,295.420044
2020-07-17,296.276520
2020-07-20,298.670868
2020-07-21,299.306274
2020-07-22,301.009888
2020-07-23,297.418396
2020-07-24,295.502930
2020-07-27,297.657867
2020-07-28,295.769958
2020-07-29,299.407654
2020-07-30,298.339294
2020-07-31,300.696838
2020-08-03,302.787354
2020-08-04,303.956909
2020-08-05,305.844727
2020-08-06,307.889221
2020-08-07,308.110291
2020-08-10,309.031250
2020-08-11,306.480194
2020-08-12,310.753296
2020-08-13,310.191498
2020-08-14,310.200745
2020-08-17,311.186096
2020-08-18,311.858368
2020-08-19,310.559937
2020-08-20,311.526855
2020-08-21,312.631958
2020-08-24,315.799896
2020-08-25,316.904938
2020-08-26,320.082123
2020-08-27,320.781952
2020-08-28,322.854065
2020-08-31,321.684479
2020-09-01,324.714294
2020-09-02,329.411011
2020-09-03,318.074615
2020-09-04,315.477570
2020-09-08,306.857788
2020-09-09,312.917419
2020-09-10,307.484070
2020-09-11,307.640594
2020-09-14,311.692596
2020-09-15,313.267395
2020-09-16,312.024109
2020-09-17,309.279785
2020-09-18,305.719208
2020-09-21,302.316711
2020-09-22,305.395569
2020-09-23,298.313141
2020-09-24,299.108276
2020-09-25,303.943909
2020-09-28,308.992218
2020-09-29,307.309479
2020-09-30,309.639526
2020-10-01,311.627441
2020-10-02,308.668610
2020-10-05,314.142273
2020-10-06,309.676483
2020-10-07,315.066895
2020-10-08,317.859283
2020-10-09,320.697754
2020-10-12,325.856964
2020-10-13,323.730408
2020-10-14,321.696228
2020-10-15,321.298737
2020-10-16,321.104614
2020-10-19,316.222687
2020-10-20,317.489227
2020-10-21,316.888306
2020-10-22,318.626556
2020-10-23,319.708374
2020-10-26,313.800171
2020-10-27,312.718445
2020-10-28,302.029968
2020-10-29,305.099670
2020-10-30,301.919128
2020-11-02,305.303101
2020-11-03,310.693512
2020-11-04,317.637299
2020-11-05,323.832092
2020-11-06,323.758087
2020-11-09,327.826385
2020-11-10,327.345612
2020-11-11,329.777283
2020-11-12,326.578156
2020-11-13,331.099396
2020-11-16,335.232452
2020-11-17,333.429474
2020-11-18,329.416718
2020-11-19,330.803497
2020-11-20,328.538269
2020-11-23,330.507690
2020-11-24,335.833405
2020-11-25,335.315643
2020-11-27,336.249481
2020-11-30,334.760864
2020-12-01,338.422302
2020-12-02,339.134216
2020-12-03,339.041718
2020-12-04,341.963531
2020-12-07,341.260864
2020-12-08,342.259338
2020-12-09,339.189789
2020-12-10,339.078796
2020-12-11,338.681152
2020-12-14,337.164795
2020-12-15,341.723053
2020-12-16,342.259338
2020-12-17,344.173279
2020-12-18,342.799133
2020-12-21,341.573303
2020-12-22,340.997742
2020-12-23,341.304108
2020-12-24,342.631927
2020-12-28,345.575287
2020-12-29,344.916168
2020-12-30,345.408173
2020-12-31,347.163147
2021-01-04,342.436920
2021-01-05,344.795471
2021-01-06,346.856750
2021-01-07,352.010162
2021-01-08,354.015839
2021-01-11,351.629456
2021-01-12,351.703735
2021-01-13,352.650848
2021-01-14,351.415924
2021-01-15,348.853180
2021-01-19,351.592377
2021-01-20,356.457977
2021-01-21,356.782837
2021-01-22,355.520111
2021-01-25,356.922150
2021-01-26,356.365082
2021-01-27,347.655365
2021-01-28,350.645264
2021-01-29,343.625397
2021-02-01,349.345276
2021-02-02,354.285126
2021-02-03,354.563690
2021-02-04,358.593597
2021-02-05,360.004944
2021-02-08,362.604919
2021-02-09,362.363434
2021-02-10,362.205597
2021-02-11,362.790588
2021-02-12,364.582672
2021-02-16,364.266937
2021-02-17,364.350464
2021-02-18,362.799896
2021-02-19,362.159180
2021-02-22,359.373505
2021-02-23,359.809998
2021-02-24,363.774841
2021-02-25,355.009338
2021-02-26,353.180115
2021-03-01,361.741333
2021-03-02,358.918549
2021-03-03,354.164398
2021-03-04,349.781769
2021-03-05,356.216583
2021-03-08,354.442963
2021-03-09,359.503540
2021-03-10,361.741333
2021-03-11,365.409088
2021-03-12,365.901062
2021-03-15,368.083252
2021-03-16,367.618988
2021-03-17,368.872559
2021-03-18,363.505615
2021-03-19,362.833008
2021-03-22,365.730103
2021-03-23,362.851593
2021-03-24,361.007019
2021-03-25,363.037933
2021-03-26,368.888245
2021-03-29,368.701935
2021-03-30,367.723724
2021-03-31,369.214294
2021-04-01,373.201416
2021-04-05,378.558014
2021-04-06,378.334442
2021-04-07,378.772308
2021-04-08,380.570282
2021-04-09,383.337097
2021-04-12,383.476898
2021-04-13,384.613312
2021-04-14,383.299805
2021-04-15,387.417389
2021-04-16,388.712311
2021-04-19,386.802582
2021-04-20,383.970612
2021-04-21,387.603729
2021-04-22,384.063660
2021-04-23,388.227905
2021-04-26,389.038361
2021-04-27,388.954559
2021-04-28,388.842804
2021-04-29,391.320740
2021-04-30,388.749542
2021-05-03,389.588013
2021-05-04,387.184570
2021-05-05,387.305603
2021-05-06,390.398499
2021-05-07,393.239777
2021-05-10,389.345825
2021-05-11,385.870972
2021-05-12,377.672974
2021-05-13,382.209839
2021-05-14,388.078796
2021-05-17,387.091278
2021-05-18,383.756287
2021-05-19,382.750183
2021-05-20,386.867798
2021-05-21,386.551025
2021-05-24,390.491638
2021-05-25,389.625244
2021-05-26,390.398499
2021-05-27,390.603485
2021-05-28,391.302155
2021-06-01,390.957520
2021-06-02,391.572296
2021-06-03,390.118958
2021-06-04,393.687073
2021-06-07,393.305054
2021-06-08,393.388824
2021-06-09,392.801971
2021-06-10,394.627838
2021-06-11,395.279999
2021-06-14,396.165039
2021-06-15,395.438385
2021-06-16,393.230469
2021-06-17,393.100037
2021-06-18,387.796967
2021-06-21,393.348694
2021-06-22,395.451538
2021-06-23,394.974915
2021-06-24,397.311523
2021-06-25,398.722870
2021-06-28,399.526581
2021-06-29,399.741577
2021-06-30,400.078033
2021-07-01,402.293060
2021-07-02,405.368073
2021-07-06,404.629608
2021-07-07,406.059662
2021-07-08,402.751129
2021-07-09,407.050354
2021-07-12,408.508392
2021-07-13,407.115784
2021-07-14,407.723328
2021-07-15,406.330688
2021-07-16,403.143585
2021-07-19,397.190002
2021-07-20,402.881927
2021-07-21,406.143738
2021-07-22,406.994385
2021-07-23,411.181427
2021-07-26,412.190826
2021-07-27,410.312256
2021-07-28,410.143951
2021-07-29,411.845032
2021-07-30,409.844910
2021-08-02,408.985046
2021-08-03,412.312378
2021-08-04,410.284180
2021-08-05,412.882446
2021-08-06,413.564758
2021-08-09,413.228302
2021-08-10,413.742340
2021-08-11,414.770416
2021-08-12,416.013428
2021-08-13,416.770477
2021-08-16,417.751831
2021-08-17,415.013428
2021-08-18,410.471130
2021-08-19,411.106628
2021-08-20,414.377869
2021-08-23,418.022980
2021-08-24,418.686554
2021-08-25,419.565125
2021-08-26,417.088348
2021-08-27,420.817444
2021-08-30,422.667999
2021-08-31,422.041840
2021-09-01,422.266174
2021-09-02,423.565308
2021-09-03,423.462433
2021-09-07,421.948425
2021-09-08,421.434326
2021-09-09,419.630524
2021-09-10,416.321960
2021-09-13,417.387390
2021-09-14,415.134888
2021-09-15,418.602386
2021-09-16,417.938843
2021-09-17,413.867584
2021-09-20,406.966766
2021-09-21,406.582306
2021-09-22,410.548431
2021-09-23,415.536591
2021-09-24,416.221100
2021-09-27,415.030396
2021-09-28,406.666748
2021-09-29,407.351166
2021-09-30,402.372314
2021-10-01,407.154297
2021-10-04,401.903656
2021-10-05,406.085358
2021-10-06,407.773102
2021-10-07,411.298553
2021-10-08,410.548431
2021-10-11,407.576233
2021-10-12,406.572937
2021-10-13,408.035675
2021-10-14,414.898987
2021-10-15,418.058868
2021-10-18,419.296539
2021-10-19,422.531342
2021-10-20,424.190857
2021-10-21,425.297302
2021-10-22,424.856628
2021-10-25,427.135071
2021-10-26,427.519501
2021-10-27,425.625549
2021-10-28,429.732300
2021-10-29,430.604279
2021-11-01,431.345062
2021-11-02,433.088898
2021-11-03,435.733093
2021-11-04,437.786469
2021-11-05,439.305481
2021-11-08,439.680542
2021-11-09,438.227203
2021-11-10,434.701691
2021-11-11,434.842316
2021-11-12,438.124023
2021-11-15,438.274139
2021-11-16,440.008636
2021-11-17,438.939789
2021-11-18,440.430634
2021-11-19,439.643005
2021-11-22,438.405304
2021-11-23,438.986633
2021-11-24,440.158661
2021-11-26,430.341675
2021-11-29,435.620544
2021-11-30,427.144501
2021-12-01,422.400055
2021-12-02,428.869659
2021-12-03,425.138000
2021-12-06,430.173035
2021-12-07,439.071045
2021-12-08,440.233673
2021-12-09,437.261414
2021-12-10,441.377594
2021-12-13,437.467682
2021-12-14,434.457947
2021-12-15,441.246307
2021-12-16,437.355164
2021-12-17,432.700500
2021-12-20,428.099396
2021-12-21,435.701996
2021-12-22,440.058411
2021-12-23,442.796509
2021-12-27,449.063049
2021-12-28,448.696075
2021-12-29,449.270020
2021-12-30,448.028046
2021-12-31,446.898926
2022-01-03,449.486481
2022-01-04,449.335876
2022-01-05,440.707611
2022-01-06,440.293701
2022-01-07,438.552979
2022-01-10,438.007172
2022-01-11,441.996674
2022-01-12,443.191742
2022-01-13,437.085205
2022-01-14,437.263916
2022-01-18,429.520142
2022-01-19,425.060181
2022-01-20,420.355652
2022-01-21,412.103760
2022-01-24,413.853851
2022-01-25,408.801025
2022-01-26,407.775513
2022-01-27,405.761871
2022-01-28,415.839233
2022-01-31,423.328857
2022-02-01,426.189270
2022-02-02,430.329346
2022-02-03,420.214508
2022-02-04,422.190399
2022-02-07,420.835571
2022-02-08,424.298035
2022-02-09,430.508118
2022-02-10,422.773773
2022-02-11,414.437195
2022-02-14,413.082306
2022-02-15,419.744049
2022-02-16,420.214508
2022-02-17,411.238098
2022-02-18,408.575317
2022-02-22,404.190613
2022-02-23,397.020813
2022-02-24,402.995667
2022-02-25,411.887299
2022-02-28,410.833527
2022-03-01,404.576385
2022-03-02,412.019012
2022-03-03,409.967865
2022-03-04,406.636963
2022-03-07,394.649658
2022-03-08,391.657562
2022-03-09,402.158264
2022-03-10,400.342255
2022-03-11,395.251923
2022-03-14,392.363220
2022-03-15,400.991486
2022-03-16,409.883179
2022-03-17,415.011169
2022-03-18,419.556763
2022-03-21,419.434082
2022-03-22,424.342010
2022-03-23,418.877167
2022-03-24,425.191467
2022-03-25,427.267883
2022-03-28,430.307037
2022-03-29,435.630310
2022-03-30,432.940399
2022-03-31,426.276917
2022-04-01,427.485046
2022-04-04,431.147095
2022-04-05,425.701080
2022-04-06,421.444366
2022-04-07,423.568054
2022-04-08,422.435486
2022-04-11,415.215027
2022-04-12,413.676605
2022-04-13,418.414642
2022-04-14,413.204712
2022-04-18,413.374481
2022-04-19,420.047516
2022-04-20,419.736115
2022-04-21,413.459503
2022-04-22,402.114532
2022-04-25,404.445801
2022-04-26,392.732605
2022-04-27,393.837006
2022-04-28,403.785126
2022-04-29,388.862976
2022-05-02,391.203674
2022-05-03,392.997009
2022-05-04,404.964905
2022-05-05,390.571350
2022-05-06,388.240021
2022-05-09,375.809601
2022-05-10,376.678040
2022-05-11,370.694000
2022-05-12,370.307007
2022-05-13,379.160278
2022-05-16,377.621796
2022-05-17,385.389587
2022-05-18,369.854034
2022-05-19,367.588806
2022-05-20,367.749237
2022-05-23,374.629791
2022-05-24,371.769989
2022-05-25,375.054596
2022-05-26,382.548737
2022-05-27,391.939880
2022-05-31,389.740723
2022-06-01,386.588287
2022-06-02,393.950317
2022-06-03,387.484985
2022-06-06,388.664795
2022-06-07,392.392914
2022-06-08,388.126740
2022-06-09,378.895996
2022-06-10,367.909637
2022-06-13,353.940765
2022-06-14,352.874268
2022-06-15,357.904938
2022-06-16,346.059723
2022-06-17,346.805725
2022-06-21,355.536102
2022-06-22,354.891510
2022-06-23,358.370392
2022-06-24,369.764313
2022-06-27,368.351929
2022-06-28,360.825531
2022-06-29,360.531586
2022-06-30,357.602539
2022-07-01,361.384735
2022-07-05,362.067230
2022-07-06,363.290100
2022-07-07,368.731049
2022-07-08,368.427826
2022-07-11,364.219055
2022-07-12,360.996094
2022-07-13,359.100220
2022-07-14,358.228180
2022-07-15,365.072205
2022-07-18,362.057800
2022-07-19,371.840271
2022-07-20,374.210022
2022-07-21,378.020691
2022-07-22,374.513428
2022-07-25,374.968475
2022-07-26,370.532196
2022-07-27,380.153564
2022-07-28,384.921600
2022-07-29,390.533295
2022-08-01,389.376801
2022-08-02,386.807953
2022-08-03,392.865112
2022-08-04,392.599762
2022-08-05,391.936157
2022-08-08,391.481201
2022-08-09,389.926575
2022-08-10,398.116669
2022-08-11,398.116669
2022-08-12,404.856323
2022-08-15,406.524658
2022-08-16,407.320953
2022-08-17,404.429810
2022-08-18,405.605194
2022-08-19,400.154663
2022-08-22,391.822540
2022-08-23,390.874573
2022-08-24,392.125763
2022-08-25,397.661591
2022-08-26,384.201202
2022-08-29,381.660767
2022-08-30,377.470947
2022-08-31,374.598755
2022-09-01,375.774139
2022-09-02,371.811798
2022-09-06,370.408936
2022-09-07,377.063293
2022-09-08,379.527924
2022-09-09,385.424011
2022-09-12,389.566376
2022-09-13,372.627106
2022-09-14,374.048950
2022-09-15,369.802216
2022-09-16,366.981079
2022-09-19,369.827057
2022-09-20,365.581940
2022-09-21,359.204803
2022-09-22,356.187531
2022-09-23,350.219666
2022-09-26,346.755066
2022-09-27,345.869843
2022-09-28,352.675415
2022-09-29,345.308319
2022-09-30,339.968628
2022-10-03,348.944214
2022-10-04,359.756805
2022-10-05,358.919220
2022-10-06,355.216705
2022-10-07,345.308319
2022-10-10,342.671753
2022-10-11,340.501648
2022-10-12,339.378540
2022-10-13,348.335022
2022-10-14,340.396851
2022-10-17,349.144135
2022-10-18,353.246460
2022-10-19,350.743164
2022-10-20,347.802002
2022-10-21,356.254120
2022-10-24,360.613464
2022-10-25,366.371979
2022-10-26,363.611694
2022-10-27,361.669983
2022-10-28,370.274323
2022-10-31,367.599762
2022-11-01,365.991211
2022-11-02,356.806183
2022-11-03,353.132202
2022-11-04,358.214905
2022-11-07,361.641449
2022-11-08,363.592651
2022-11-09,356.101837
2022-11-10,375.671173
2022-11-11,379.307068
2022-11-14,376.080383
2022-11-15,379.288055
2022-11-16,376.394531
2022-11-17,375.242828
2022-11-18,376.946594
2022-11-21,375.575989
2022-11-22,380.630157
2022-11-23,383.028656
2022-11-25,382.942993
2022-11-28,376.832458
2022-11-29,376.185181
2022-11-30,388.035248
2022-12-01,387.749695
2022-12-02,387.302246
2022-12-05,380.335022
2022-12-06,374.852631
2022-12-07,374.214874
2022-12-08,377.146423
2022-12-09,374.329132
2022-12-12,379.725861
2022-12-13,382.600372
2022-12-14,380.154144
2022-12-15,370.854980
2022-12-16,366.476562
2022-12-19,363.368958
2022-12-20,363.866211
2022-12-21,369.306885
2022-12-22,364.038391
2022-12-23,366.132385
2022-12-27,364.688599
2022-12-28,360.156219
2022-12-29,366.639130
2022-12-30,365.673401
2023-01-03,364.134003
2023-01-04,366.945221
2023-01-05,362.757019
2023-01-06,371.075775
2023-01-09,370.865509
2023-01-10,373.466309
2023-01-11,378.189850
2023-01-12,379.566772
2023-01-13,381.039276
2023-01-17,380.341248
2023-01-18,374.336456
2023-01-19,371.611328
2023-01-20,378.534058
2023-01-23,383.076019
2023-01-24,382.664856
2023-01-25,382.808228
2023-01-26,387.015472
2023-01-27,387.904663
2023-01-30,383.037720
2023-01-31,388.669617
2023-02-01,392.800354
2023-02-02,398.518372
2023-02-03,394.282501
2023-02-06,391.872894
2023-02-07,396.997986
2023-02-08,392.656952
2023-02-09,389.252899
2023-02-10,390.161377
2023-02-13,394.741333
2023-02-14,394.559784
2023-02-15,395.841003
2023-02-16,390.390808
2023-02-17,389.415466
2023-02-21,381.603455
2023-02-22,381.077606
2023-02-23,383.104706
2023-02-24,379.012207
2023-02-27,380.303070
2023-02-28,378.897400
2023-03-01,377.444031
2023-03-02,380.379456
2023-03-03,386.479980
2023-03-06,386.747681
2023-03-07,380.819366
2023-03-08,381.440857
2023-03-09,374.403381
2023-03-10,369.000946
2023-03-13,368.474976
2023-03-14,374.565948
2023-03-15,372.223328
2023-03-16,378.753998
2023-03-17,374.325348
2023-03-20,377.924683
2023-03-21,382.887085
2023-03-22,376.360168
2023-03-23,377.377655
2023-03-24,379.853973
2023-03-27,380.564240
2023-03-28,379.710022
2023-03-29,385.229095
2023-03-30,387.484650
2023-03-31,392.946136
2023-04-03,394.443451
2023-04-04,392.255066
2023-04-05,391.228027
2023-04-06,392.754150
2023-04-10,393.157257
2023-04-11,393.262878
2023-04-12,391.659973
2023-04-13,396.862183
2023-04-14,395.892822
2023-04-17,397.313446
2023-04-18,397.572510
2023-04-19,397.505341
2023-04-20,395.336090
2023-04-21,395.643311
2023-04-24,396.055969
2023-04-25,389.769043
2023-04-26,388.118134
2023-04-27,395.844818
2023-04-28,399.223389
2023-05-01,398.820221
2023-05-02,394.337860
2023-05-03,391.631165
2023-05-04,388.857208
2023-05-05,396.055969
2023-05-08,396.161591
2023-05-09,394.424225
2023-05-10,396.267120
2023-05-11,395.576019
2023-05-12,395.057739
2023-05-15,396.420715
2023-05-16,393.771606
2023-05-17,398.551544
2023-05-18,402.390900
2023-05-19,401.805328
2023-05-22,401.968536
2023-05-23,397.457275
2023-05-24,394.577820
2023-05-25,397.994812
2023-05-26,403.149109
2023-05-30,403.302673
2023-05-31,401.066315
2023-06-01,404.876862
2023-06-02,410.731842
2023-06-05,409.944733
2023-06-06,410.837463
2023-06-07,409.416901
2023-06-08,411.893280
2023-06-09,412.632294
2023-06-12,416.375580
2023-06-13,419.120758
2023-06-14,419.619843
2023-06-15,424.822144
2023-06-16,423.375122
2023-06-20,421.178589
2023-06-21,419.020538
2023-06-22,420.533142
2023-06-23,417.353821
2023-06-26,415.648682
2023-06-27,420.205597
2023-06-28,420.417542
2023-06-29,422.074524
2023-06-30,427.055298
2023-07-03,427.546661
2023-07-05,426.910797
2023-07-06,423.567810
2023-07-07,422.498444
2023-07-10,423.567810
2023-07-11,426.265320
2023-07-12,429.695038
2023-07-13,433.105438
2023-07-14,432.835693
2023-07-17,434.338623
2023-07-18,437.566040
2023-07-19,438.539032
2023-07-20,435.629517
2023-07-21,435.629517
2023-07-24,437.575684
2023-07-25,438.770264
2023-07-26,438.837738
2023-07-27,435.928192
2023-07-28,440.196045
2023-07-31,441.034241
2023-08-01,439.772186
2023-08-02,433.654633
2023-08-03,432.411835
2023-08-04,430.456146
2023-08-07,434.213348
2023-08-08,432.325104
2023-08-09,429.434906
2023-08-10,429.589142
2023-08-11,429.338531
2023-08-14,431.708588
2023-08-15,426.679626
2023-08-16,423.548584
2023-08-17,420.321167
2023-08-18,420.523438
2023-08-21,423.259552
2023-08-22,422.113129
2023-08-23,426.814484
2023-08-24,420.899200
2023-08-25,423.866516
2023-08-28,426.554352
2023-08-29,432.720123
2023-08-30,434.502350
2023-08-31,433.866547
2023-09-01,434.675812
2023-09-05,432.797180
2023-09-06,429.887665
2023-09-07,428.567871
2023-09-08,429.213318
2023-09-11,432.036133
2023-09-12,429.666138
2023-09-13,430.167084
2023-09-14,433.876160
2023-09-15,428.648743
2023-09-18,428.900055
2023-09-19,428.010620
2023-09-20,424.075775
2023-09-21,417.066528
2023-09-22,416.128723
2023-09-25,417.878571
2023-09-26,411.739471
2023-09-27,411.903809
2023-09-28,414.291748
2023-09-29,413.286316
2023-10-02,413.121979
2023-10-03,407.591919
2023-10-04,410.559937
2023-10-05,410.405273
2023-10-06,415.277924
2023-10-09,417.936615
2023-10-10,420.111908
2023-10-11,421.832764
2023-10-12,419.261078
2023-10-13,417.172821
2023-10-16,421.562134
2023-10-17,421.542755
2023-10-18,415.925659
2023-10-19,412.271179
2023-10-20,407.205170
2023-10-23,406.499390
2023-10-24,409.564117
2023-10-25,403.686005
2023-10-26,398.852051
2023-10-27,397.044159
2023-10-30,401.791138
2023-10-31,404.314453
2023-11-01,408.626343
2023-11-02,416.457397
2023-11-03,420.256927
2023-11-06,421.223724
2023-11-07,422.422516
2023-11-08,422.731934
2023-11-09,419.435120
2023-11-10,425.980316
2023-11-13,425.574310
2023-11-14,433.830780
2023-11-15,434.749176
2023-11-16,435.280914
2023-11-17,435.822357
2023-11-20,439.177124
2023-11-21,438.219940
2023-11-22,439.911865
2023-11-24,440.182648
2023-11-27,439.389862
2023-11-28,439.824921
2023-11-29,439.515533
2023-11-30,441.246063
2023-12-01,443.856415
2023-12-04,441.526398
2023-12-05,441.439453
2023-12-06,439.660583
2023-12-07,443.015320
2023-12-08,444.919891
2023-12-11,446.650482
2023-12-12,448.690399
2023-12-13,454.877869
2023-12-14,456.337799
2023-12-15,455.586456
2023-12-18,458.149139
2023-12-19,460.935120
2023-12-20,454.547729
2023-12-21,458.857788
2023-12-22,459.779907
2023-12-26,461.721375
2023-12-27,462.556183
2023-12-28,462.730957
2023-12-29,461.391296
2024-01-02,458.809204
2024-01-03,455.062286
2024-01-04,453.596436
2024-01-05,454.217712
2024-01-08,460.702148
2024-01-09,460.003204
2024-01-10,462.604706
2024-01-11,462.400848
2024-01-12,462.721252
2024-01-16,461.022430
2024-01-17,458.459778
2024-01-18,462.536743
2024-01-19,468.302826
2024-01-22,469.292969
2024-01-23,470.661713
2024-01-24,471.176147
2024-01-25,473.738831
2024-01-26,473.137024
2024-01-29,476.883972
2024-01-30,476.515137
2024-01-31,468.739685
2024-02-01,474.874542
2024-02-02,479.873718
2024-02-05,478.126495
2024-02-06,479.514618
2024-02-07,483.514008
2024-02-08,483.727478
2024-02-09,486.523163
2024-02-12,486.309631
2024-02-13,479.611603
2024-02-14,483.970154
2024-02-15,487.309448
2024-02-16,484.882690
2024-02-20,482.213196
2024-02-21,482.650024
2024-02-22,492.638672
2024-02-23,492.978394
2024-02-26,491.172852
2024-02-27,492.085388
2024-02-28,491.434998
2024-02-29,493.201691
2024-03-01,497.831970
2024-03-04,497.298096
2024-03-05,492.328033
2024-03-06,494.822815
2024-03-07,499.734589
2024-03-08,496.735107
2024-03-11,496.308014
2024-03-12,501.646881
2024-03-13,500.860657
2024-03-14,499.870514
2024-03-15,496.438110
2024-03-18,499.388519
2024-03-19,502.163727
2024-03-20,506.808380
2024-03-21,508.483215
2024-03-22,507.519226
2024-03-25,506.117004
2024-03-26,505.182220
2024-03-27,509.427734
2024-03-28,509.330353
2024-04-01,508.444214
2024-04-02,505.211517
2024-04-03,505.766479
2024-04-04,499.593048
2024-04-05,504.812256
2024-04-08,505.094635
2024-04-09,505.678894
2024-04-10,500.615417
2024-04-11,504.393524
2024-04-12,497.431305
2024-04-15,491.199432
2024-04-16,490.303650
2024-04-17,487.401794
2024-04-18,486.398956
2024-04-19,482.153503
2024-04-22,486.593689
2024-04-23,492.367920
2024-04-24,492.134216
2024-04-25,490.264648
2024-04-26,494.909393
2024-04-29,496.662079
2024-04-30,488.794342
2024-05-01,487.207123
2024-05-02,491.764221
2024-05-03,497.859833
2024-05-06,503.001190
2024-05-07,503.556122
2024-05-08,503.604797
2024-05-09,506.506500
2024-05-10,507.159027
2024-05-13,507.227020
2024-05-14,509.554291
2024-05-15,515.864136
2024-05-16,514.802795
2024-05-17,515.542786
2024-05-20,516.136719
2024-05-21,517.402588
2024-05-22,515.912842
2024-05-23,512.144470
2024-05-24,515.533020
2024-05-28,515.893372
2024-05-29,512.280762
2024-05-30,508.882477
2024-05-31,513.517334
2024-06-03,513.936157
2024-06-04,514.510620
2024-06-05,520.625610
2024-06-06,520.615906
2024-06-07,519.983032
2024-06-10,521.589539
2024-06-11,522.845764
2024-06-12,527.139954
2024-06-13,528.201294
2024-06-14,528.522705
2024-06-17,532.729126
2024-06-18,534.082642
2024-06-20,532.631775
2024-06-21,531.917725
2024-06-24,530.188538
2024-06-25,532.230286
2024-06-26,532.894531
2024-06-27,533.734680
2024-06-28,531.634338
2024-07-01,532.728516
2024-07-02,536.313660
2024-07-03,538.706970
2024-07-05,541.813477
2024-07-08,542.438599
2024-07-09,542.966187
2024-07-10,548.338989
2024-07-11,543.610840
2024-07-12,547.039673
2024-07-15,548.544006
2024-07-16,551.796997
2024-07-17,544.060242
2024-07-18,539.879150
2024-07-19,536.294128
2024-07-22,541.823303
2024-07-23,540.973328
2024-07-24,528.713562
2024-07-25,525.958740
2024-07-26,531.849304
2024-07-29,532.161865
2024-07-30,529.465698
2024-07-31,538.071960
2024-08-01,530.452393
2024-08-02,520.576172
2024-08-05,505.415100
2024-08-06,510.074768
2024-08-07,506.665436
2024-08-08,518.378174
2024-08-09,520.664062
2024-08-12,520.937683
2024-08-13,529.504700
2024-08-14,531.175232
2024-08-15,540.279724
2024-08-16,541.491089
2024-08-19,546.668457
2024-08-20,545.779480
2024-08-21,547.655151
2024-08-22,543.356934
2024-08-23,549.130249
2024-08-26,547.821167
2024-08-27,548.573364
2024-08-28,545.388733
2024-08-29,545.437622
2024-08-30,550.644348
2024-09-03,539.312561
2024-09-04,538.208740
2024-09-05,536.899780
2024-09-06,527.863647
2024-09-09,533.773743
2024-09-10,536.098694
2024-09-11,541.598572
2024-09-12,546.160583
2024-09-13,549.012939
2024-09-16,549.823792
2024-09-17,550.048523
2024-09-18,548.417236
2024-09-19,557.775513
2024-09-20,556.811401
2024-09-23,558.202820
2024-09-24,559.799988
2024-09-25,558.565247
2024-09-26,560.779846
2024-09-27,559.966370
2024-09-30,562.210510
2024-10-01,557.173889
2024-10-02,557.409058
2024-10-03,556.390015
2024-10-04,561.446167
2024-10-07,556.370422
2024-10-08,561.632263
2024-10-09,565.522400
2024-10-10,564.532776
2024-10-11,567.913330
2024-10-14,572.557861
2024-10-15,568.109314
2024-10-16,570.578430
2024-10-17,570.627563
2024-10-18,572.822388
2024-10-21,571.881775
2024-10-22,571.578003
2024-10-23,566.355286
2024-10-24,567.580139
2024-10-25,567.384094
2024-10-28,569.138123
2024-10-29,570.059204
2024-10-30,568.334656
2024-10-31,557.193542
2024-11-01,559.545166
2024-11-04,558.339905
2024-11-05,565.091248
2024-11-06,579.142639
2024-11-07,583.620605
2024-11-08,586.148682
2024-11-11,586.707214
2024-11-12,584.884644
2024-11-13,585.168823
2024-11-14,581.406067
2024-11-15,573.959106
2024-11-18,576.310791
2024-11-19,578.417542
2024-11-20,578.613342
2024-11-21,581.719666
2024-11-22,583.522644
2024-11-25,585.502014
2024-11-26,588.559143
2024-11-27,586.775818
2024-11-29,590.420898
2024-12-02,591.479187
2024-12-03,591.753601
2024-12-04,595.427979
2024-12-05,594.448120
2024-12-06,595.575012
2024-12-09,592.508057
2024-12-10,590.665894
2024-12-11,595.232117
2024-12-12,592.165100
2024-12-13,592.047424
2024-12-16,594.575623
2024-12-17,592.125854
2024-12-18,574.478394
2024-12-19,574.302002
2024-12-20,581.199951
2024-12-23,584.680359
2024-12-24,591.179077
2024-12-26,591.218506
2024-12-27,584.995056
2024-12-30,578.319275
2024-12-31,576.215332
2025-01-02,574.799500
2025-01-03,581.986511
2025-01-06,585.339050
2025-01-07,578.722412
2025-01-08,579.567871
2025-01-10,570.719360
2025-01-13,571.604309
2025-01-14,572.390747
2025-01-15,582.802490
2025-01-16,581.681702
2025-01-17,587.521729
2025-01-21,592.899658
2025-01-22,596.232605
2025-01-23,599.486877
2025-01-24,597.736755
2025-01-27,589.281616
2025-01-28,594.344910
2025-01-29,591.680542
2025-01-30,594.856140
2025-01-31,591.690369
2025-02-03,587.708496
2025-02-04,591.651123
2025-02-05,594.049927
2025-02-06,596.114624
2025-02-07,590.658081
2025-02-10,594.669312
2025-02-11,595.121521
2025-02-12,593.204407
2025-02-13,599.467224
2025-02-14,599.437683
2025-02-18,601.197510
2025-02-19,602.613281
2025-02-20,600.106201
2025-02-21,589.841980
2025-02-24,587.158020
2025-02-25,584.237915
2025-02-26,584.532837
2025-02-27,575.202576
2025-02-28,584.178894
2025-03-03,573.944153
2025-03-04,567.150452
2025-03-05,573.246155
2025-03-06,563.070374
2025-03-07,566.226318
2025-03-10,551.144531
2025-03-11,546.562927
2025-03-12,549.463257
2025-03-13,542.138672
2025-03-14,553.336914
2025-03-17,557.603882
2025-03-18,551.577087
2025-03-19,557.584229
2025-03-20,555.971741
2025-03-21,556.155151
2025-03-24,566.115173
2025-03-25,567.476013
2025-03-26,560.701355
2025-03-27,559.212219
2025-03-28,547.950745
2025-03-31,551.628906
2025-04-01,553.187012
2025-04-02,556.687805
2025-04-03,529.253784
2025-04-04,498.269684
2025-04-07,497.382172
2025-04-08,489.591827
2025-04-09,541.008423
2025-04-10,517.301880
2025-04-11,526.532104
2025-04-14,531.640198
2025-04-15,530.151184
2025-04-16,518.366882
2025-04-17,519.106506
2025-04-21,506.750336
2025-04-22,519.934814
2025-04-23,527.991516
2025-04-24,539.105164
2025-04-25,543.000366
2025-04-28,543.207458
2025-04-29,546.629333
2025-04-30,546.846191
2025-05-01,550.721680
2025-05-02,558.896667
2025-05-05,555.691833
2025-05-06,551.047180
2025-05-07,553.364563
2025-05-08,557.220276
2025-05-09,556.510254
2025-05-12,574.901550
2025-05-13,578.698120
2025-05-14,579.437683
2025-05-15,582.267883
2025-05-16,585.955994
2025-05-19,586.596924
2025-05-20,584.624695
2025-05-21,574.773315
2025-05-22,575.000183
2025-05-23,571.075256
2025-05-27,582.948303
2025-05-28,579.575806
2025-05-29,581.863586
2025-05-30,581.212830
2025-06-02,584.486633
2025-06-03,587.819824
2025-06-04,587.661987
2025-06-05,584.821899
2025-06-06,590.827454
2025-06-09,591.359924
2025-06-10,594.712830
2025-06-11,593.016602
2025-06-12,595.373535
2025-06-13,588.717163
2025-06-16,594.318298
2025-06-17,589.239868
2025-06-18,589.151001
2025-06-20,587.767395
2025-06-23,593.573059
2025-06-24,600.130432
2025-06-25,600.466675
2025-06-26,605.164612
2025-06-27,608.171326
2025-06-30,611.079102
2025-07-01,610.881287
2025-07-02,613.650574
2025-07-03,618.487000
2025-07-07,613.878052
2025-07-08,613.541809
2025-07-09,617.221008
2025-07-10,618.961731
2025-07-11,616.785828
2025-07-14,617.962769
2025-07-15,615.322083
2025-07-16,617.379211
2025-07-17,621.157410
2025-07-18,620.702393
2025-07-21,621.879395
2025-07-22,621.968384
2025-07-23,627.259827
2025-07-24,627.467407
2025-07-25,630.118042
2025-07-28,629.959900
2025-07-29,628.298279
2025-07-30,627.507080
2025-07-31,625.153137
2025-08-01,614.906616
2025-08-04,624.253052
2025-08-05,621.088135
2025-08-06,625.845459
2025-08-07,625.321228
2025-08-08,630.197266
2025-08-11,628.951050
2025-08-12,635.646851
2025-08-13,637.822693
2025-08-14,637.882141
2025-08-15,636.388672
2025-08-18,636.250122
2025-08-19,632.798401
2025-08-20,631.117065
2025-08-21,628.585083
2025-08-22,638.238098
2025-08-25,635.429260
2025-08-26,638.089722
2025-08-27,639.543640
2025-08-28,641.808533
2025-08-29,637.980957
2025-09-02,633.253357
2025-09-03,636.685303
2025-09-04,642.006348
2025-09-05,640.146973
2025-09-08,641.719543
2025-09-09,643.203125
2025-09-10,645.062561
2025-09-11,650.423157
2025-09-12,650.205444
2025-09-15,653.667114
2025-09-16,652.767151
2025-09-17,651.956116
2025-09-18,655.002441
2025-09-19,658.246521
2025-09-22,661.360779
2025-09-23,657.760620
2025-09-24,655.667847
2025-09-25,652.642944
2025-09-26,656.382019
2025-09-29,658.226685
2025-09-30,660.706116
2025-10-01,662.957458
2025-10-02,663.721069
2025-10-03,663.711243
2025-10-06,666.091492
2025-10-07,663.621948
2025-10-08,667.579163
2025-10-09,665.645203
2025-10-10,647.654236
2025-10-13,657.591919
2025-10-14,656.788574
2025-10-15,659.704407
2025-10-16,655.211609
2025-10-17,658.930847
2025-10-20,665.784058
2025-10-21,665.774109
2025-10-22,662.312805
2025-10-23,666.240295
2025-10-24,671.685181
2025-10-27,679.609497
2025-10-28,681.414551
2025-10-29,681.741882
2025-10-30,674.244019
2025-10-31,676.455566
2025-11-03,677.725159
2025-11-04,669.691711
2025-11-05,672.012451
2025-11-06,664.802185
2025-11-07,665.456726
2025-11-10,675.840698
2025-11-11,677.387878
2025-11-12,677.764832
2025-11-13,666.518005
2025-11-14,666.408875
2025-11-17,660.200317
2025-11-18,654.656250
2025-11-19,657.185303
2025-11-20,647.168335
2025-11-21,653.614929
2025-11-24,663.235107
2025-11-25,669.473511
2025-11-26,674.095215
2025-11-28,677.774719
2025-12-01,674.680298
2025-12-02,675.930054
2025-12-03,678.270630
2025-12-04,678.766479
2025-12-05,680.055786
2025-12-08,678.012756
2025-12-09,677.427551
2025-12-10,681.920410
2025-12-11,683.507202
2025-12-12,676.158142
2025-12-15,675.136536
2025-12-16,673.291870
2025-12-17,665.883240
2025-12-18,670.911499
2025-12-19,676.992310
2025-12-22,681.209900
2025-12-23,684.323303
2025-12-24,686.730530
2025-12-26,686.660889
2025-12-29,684.213867
2025-12-30,683.378357
2025-12-31,678.315247
2026-01-02,679.558594
2026-01-05,684.084534
2026-01-06,688.152954
2026-01-07,685.934753
2026-01-08,685.865112
2026-01-09,690.401001
2026-01-12,691.485229
2026-01-13,690.102600
2026-01-14,686.710632
2026-01-15,688.580688
2026-01-16,688.003723
2026-01-20,673.998169
2026-01-21,681.776855
2026-01-22,685.337952
2026-01-23,685.586548
2026-01-26,689.068054
2026-01-27,691.813477
2026-01-28,691.743835
2026-01-29,690.371155
2026-01-30,688.312073
2026-02-02,691.733948
2026-02-03,685.885010
2026-02-04,682.562683
2026-02-05,674.037964
2026-02-06,686.969238
2026-02-09,690.281677
2026-02-10,688.461304
2026-02-11,688.302185
2026-02-12,677.668701
2026-02-13,678.146118
2026-02-17,679.240295
2026-02-18,682.662109
2026-02-19,680.861633
2026-02-20,685.785583
2026-02-23,678.782776
2026-02-24,683.716492
2026-02-25,689.485901
2026-02-26,685.656189
2026-02-27,682.363708
2026-03-02,682.751709
2026-03-03,676.733704
2026-03-04,681.508240
2026-03-05,677.708496
2026-03-06,668.825684
2026-03-09,674.684570
2026-03-10,673.600281
2026-03-11,672.754822
2026-03-12,662.539062
2026-03-13,658.789001
2026-03-16,665.493408
2026-03-17,667.244019
2026-03-18,657.933533
2026-03-19,656.312195
2026-03-20,646.903442
2026-03-23,653.695923
2026-03-24,651.501587
2026-03-25,655.132202
2026-03-26,643.432373
2026-03-27,632.460632
2026-03-30,630.346069
2026-03-31,648.668884
2026-04-01,653.556274
2026-04-02,654.144775
2026-04-06,657.236816
2026-04-07,657.526001
2026-04-08,674.272949
2026-04-09,678.162842
2026-04-10,677.714050
2026-04-13,684.336975
2026-04-14,692.675537
2026-04-15,698.141418
2026-04-16,699.856995
2026-04-17,708.315247
2026-04-20,706.898804
2026-04-21,702.270813
2026-04-22,709.382507
2026-04-23,706.629578
2026-04-24,712.105469
2026-04-27,713.332275
2026-04-28,709.861206
2026-04-29,709.751526
2026-04-30,716.813293
2026-05-01,718.798218
2026-05-04,716.164978
2026-05-05,721.910217
2026-05-06,731.944336
2026-05-07,729.700134
2026-05-08,735.724609
2026-05-11,737.400269
2026-05-12,736.283142
2026-05-13,740.402527
2026-05-14,746.247498
2026-05-15,737.270630
2026-05-18,736.751953
2026-05-19,731.844604
2026-05-20,739.345276
2026-05-21,740.811462
2026-05-22,743.723999
2026-05-26,748.661316
2026-05-27,748.531616
2026-05-28,752.660950
2026-05-29,754.536133
2026-06-01,756.590820
2026-06-02,757.618225
2026-06-03,752.301880
2026-06-04,755.144592
2026-06-05,735.654785
2026-06-08,737.320435
2026-06-09,735.156067
2026-06-10,723.565918
2026-06-11,735.864258
2026-06-12,739.843994
2026-06-15,752.890381
2026-06-16,748.401978
2026-06-17,739.056030
2026-06-18,746.739990
2026-06-22,744.390015
2026-06-23,733.580017
2026-06-24,733.239990
2026-06-25,734.299988
2026-06-26,728.989990
2026-06-29,741.000000
2026-06-30,746.770020
2026-07-01,745.760010
2026-07-02,744.780029
2026-07-06,751.280029
2026-07-07,747.710022
2026-07-08,745.400024
2026-07-09,751.710022
2026-07-10,754.950012
2026-07-13,749.169983
2026-07-14,751.830017
2026-07-15,754.809998
2026-07-16,750.719971
2026-07-17,743.289978
2026-07-20,742.090027
2026-07-21,748.280029
2026-07-22,747.409973
2026-07-23,738.179993
2026-07-24,738.929993
2026-07-27,739.090027
2026-07-28,740.859985
2026-07-29,729.460022
2026-07-30,741.690002
2026-07-31,747.030029
2026-08-03,757.669983
2026-08-04,771.330017
2026-08-05,769.789978
2026-08-06,768.559998
2026-08-07,773.260010
2026-08-10,773.030029
2026-08-11,770.559998
2026-08-12,772.489990
2026-08-13,777.880005
2026-08-14,776.340027
2026-08-17,772.669983
2026-08-18,767.450012
2026-08-19,769.059998
2026-08-20,762.599976
2026-08-21,765.719971
2026-08-24,763.469971
2026-08-25,765.909973
2026-08-26,766.080017
2026-08-27,771.099976
2026-08-28,769.349976
2026-08-31,767.049988
2026-09-01,761.780029
2026-09-02,765.159973
2026-09-03,773.169983
2026-09-04,770.190002
2026-09-08,765.960022
2026-09-09,762.400024
2026-09-10,757.830017
2026-09-11,764.289978
2026-09-14,760.880005
2026-09-15,757.390015
2026-09-16,754.049988
2026-09-17,762.599976
2026-09-18,761.690002
